{
  "unpaid_schedule": "# * * * * *",
  "status_unpaid_schedule": false,
  "schedule": "# * * * * *",
  "status_schedule": false,
  "status_message_paid_notification": true,
  "schedule_unpaid_action": "56 * * * *",
  "status_schedule_unpaid_action": true,
  "schedule_isolir_notification": "# */1 * * * *",
  "status_message_isolir_notification": false,
  "schedule_compensation_revert": "* * * * *",
  "status_compensation_revert": true,
  "status_message_compensation_reverted": true,
  "status_message_compensation_applied": true,
  "status_speed_boost_revert": false,
  "status_message_sod_applied": false,
  "status_message_sod_reverted": false,
  "check_schedule": "0 */6 * * *",
  "status_check_schedule": true
}