{
  "unpaid_schedule": "0 0 1 * *",
  "status_unpaid_schedule": true,
  "schedule": "30 9 2 * *",
  "status_schedule": true,
  "status_message_paid_notification": true,
  "schedule_unpaid_action": "0 0 15 * *",
  "status_schedule_unpaid_action": true,
  "schedule_isolir_notification": "0 8 11 * *",
  "status_message_isolir_notification": true,
  "schedule_compensation_revert": "* * * * *",
  "status_compensation_revert": true,
  "status_message_compensation_reverted": true,
  "status_message_compensation_applied": true,
  "status_speed_boost_revert": true,
  "status_message_sod_applied": true,
  "status_message_sod_reverted": true,
  "check_schedule": "0 * * * *",
  "status_check_schedule": true,
  "schedule_telegram_backup": "0 4 * * *",
  "status_telegram_backup": true
}