[
    {
        "id": "redaman_default_001",
        "type": "redaman",
        "name": "RX Power (Default)",
        "description": "Parameter untuk mengukur kekuatan sinyal penerimaan dalam dBm",
        "paths": [
            "VirtualParameters.RXPower",
            "VirtualParameters.redaman"
        ],
        "createdAt": "2025-01-09T12:00:00.000Z",
        "createdBy": "system"
    },
    {
        "id": "temperature_default_001",
        "type": "temperature",
        "name": "Temperature Sensor (Default)",
        "description": "Parameter untuk mengukur suhu perangkat dalam Celsius",
        "paths": [
            "VirtualParameters.Temp",
            "VirtualParameters.Temperature",
            "VirtualParameters.gettemp"
        ],
        "createdAt": "2025-01-09T12:00:00.000Z",
        "createdBy": "system"
    },
    {
        "id": "modemtype_default_001",
        "type": "modemType",
        "name": "Device Product Class (Default)",
        "description": "Parameter untuk mengidentifikasi tipe/model perangkat modem",
        "paths": [
            "DeviceID.ProductClass",
            "Device.DeviceInfo.ProductClass",
            "InternetGatewayDevice.DeviceInfo.ProductClass",
            "Device.DeviceInfo.ModelName",
            "InternetGatewayDevice.DeviceInfo.ModelName"
        ],
        "createdAt": "2025-01-09T12:00:00.000Z",
        "createdBy": "system"
    },
    {
        "id": "serialnumber_default_001",
        "type": "serialNumber",
        "name": "Serial Number (Default)",
        "description": "Parameter untuk mendapatkan Serial Number perangkat",
        "paths": [
            "VirtualParameters.getSerialNumber",
            "VirtualParameters.serialNumber",
            "Device.DeviceInfo.SerialNumber",
            "InternetGatewayDevice.DeviceInfo.SerialNumber",
            "_serialNumber"
        ],
        "createdAt": "2025-01-19T14:00:00.000Z",
        "createdBy": "system"
    }
]
