[
  {
    "invoiceNumber": "INV-20250914-0001",
    "issueDate": "2025-09-14T16:57:24.539Z",
    "dueDate": "2025-10-14T16:57:24.539Z",
    "customer": {
      "id": 1,
      "name": "dawdaw",
      "phone": "6285233047094",
      "address": "Alamat tidak tersedia",
      "deviceId": "00259E-HG8145V5-4857544351D6F7AB"
    },
    "service": {
      "name": "PAKET-220K",
      "period": "Bulanan",
      "description": "Layanan Internet PAKET-220K"
    },
    "billing": {
      "subtotal": 220000,
      "tax": 0,
      "taxRate": 11,
      "enableTax": false,
      "total": 220000,
      "currency": "IDR"
    },
    "payment": {
      "status": "PAID",
      "paidDate": "2025-09-14T16:57:24.195Z",
      "method": "Updated via Admin Panel",
      "approvedBy": "admin"
    },
    "company": {
      "name": "RAF NET",
      "address": "Ds. Dander Kab. Bojonegoro",
      "phone": "+6289685645956",
      "email": "rafnet.bjn@gmail.com",
      "npwp": "12.345.678.9-012.000"
    },
    "notes": "Pembayaran telah diperbarui melalui panel admin.",
    "createdAt": "2025-09-14T16:57:24.539Z"
  },
  {
    "invoiceNumber": "INV-20250915-0001",
    "issueDate": "2025-09-14T20:43:26.404Z",
    "dueDate": "2025-10-14T20:43:26.404Z",
    "customer": {
      "id": 1,
      "name": "dawdaw",
      "phone": "6285233047094",
      "address": "Alamat tidak tersedia",
      "deviceId": "00259E-HG8145V5-4857544351D6F7AB"
    },
    "service": {
      "name": "PAKET-220K",
      "period": "Bulanan",
      "description": "Layanan Internet PAKET-220K",
      "speed": "Sesuai Paket"
    },
    "billing": {
      "subtotal": 220000,
      "tax": 0,
      "taxRate": 11,
      "enableTax": false,
      "total": 220000,
      "currency": "IDR"
    },
    "payment": {
      "status": "PAID",
      "paidDate": "2025-09-14T20:43:26.403Z",
      "method": "Manual Send",
      "approvedBy": "admin"
    },
    "company": {
      "name": "RAF NET",
      "address": "Ds. Dander Kab. Bojonegoro",
      "phone": "+6289685645956",
      "email": "rafnet.bjn@gmail.com",
      "npwp": "12.345.678.9-012.000"
    },
    "notes": "Invoice dikirim ulang secara manual",
    "createdAt": "2025-09-14T20:43:26.404Z"
  },
  {
    "invoiceNumber": "INV-20250915-0002",
    "issueDate": "2025-09-14T20:50:21.709Z",
    "dueDate": "2025-10-14T20:50:21.709Z",
    "customer": {
      "id": 1,
      "name": "dawdaw",
      "phone": "6285233047094",
      "address": "Alamat tidak tersedia",
      "deviceId": "00259E-HG8145V5-4857544351D6F7AB"
    },
    "service": {
      "name": "PAKET-220K",
      "period": "Bulanan",
      "description": "Layanan Internet PAKET-220K",
      "speed": "Sesuai Paket"
    },
    "billing": {
      "subtotal": 220000,
      "tax": 0,
      "taxRate": 11,
      "enableTax": false,
      "total": 220000,
      "currency": "IDR"
    },
    "payment": {
      "status": "PAID",
      "paidDate": "2025-09-14T20:50:21.707Z",
      "method": "Manual Send",
      "approvedBy": "admin"
    },
    "company": {
      "name": "RAF NET",
      "address": "Ds. Dander Kab. Bojonegoro",
      "phone": "+6289685645956",
      "email": "rafnet.bjn@gmail.com",
      "npwp": "12.345.678.9-012.000"
    },
    "notes": "Invoice dikirim ulang secara manual",
    "createdAt": "2025-09-14T20:50:21.709Z"
  },
  {
    "invoiceNumber": "INV-20250915-0003",
    "issueDate": "2025-09-14T20:57:46.717Z",
    "dueDate": "2025-10-14T20:57:46.717Z",
    "customer": {
      "id": 1,
      "name": "dawdaw",
      "phone": "6285233047094",
      "address": "Alamat tidak tersedia",
      "deviceId": "00259E-HG8145V5-4857544351D6F7AB"
    },
    "service": {
      "name": "PAKET-220K",
      "period": "Bulanan",
      "description": "Layanan Internet PAKET-220K",
      "speed": "Sesuai Paket"
    },
    "billing": {
      "subtotal": 220000,
      "tax": 0,
      "taxRate": 11,
      "enableTax": false,
      "total": 220000,
      "currency": "IDR"
    },
    "payment": {
      "status": "PAID",
      "paidDate": "2025-09-14T20:57:46.716Z",
      "method": "Manual Send",
      "approvedBy": "admin"
    },
    "company": {
      "name": "RAF NET",
      "address": "Ds. Dander Kab. Bojonegoro",
      "phone": "+6289685645956",
      "email": "rafnet.bjn@gmail.com",
      "npwp": "12.345.678.9-012.000"
    },
    "notes": "Invoice dikirim ulang secara manual",
    "createdAt": "2025-09-14T20:57:46.717Z"
  },
  {
    "invoiceNumber": "INV-20250915-0004",
    "issueDate": "2025-09-14T21:09:04.425Z",
    "dueDate": "2025-10-14T21:09:04.425Z",
    "customer": {
      "id": 1,
      "name": "dawdaw",
      "phone": "6285233047094",
      "address": "Alamat tidak tersedia",
      "deviceId": "00259E-HG8145V5-4857544351D6F7AB"
    },
    "service": {
      "name": "PAKET-220K",
      "period": "Bulanan",
      "description": "Layanan Internet PAKET-220K",
      "speed": "Sesuai Paket"
    },
    "billing": {
      "subtotal": 220000,
      "tax": 0,
      "taxRate": 11,
      "enableTax": false,
      "total": 220000,
      "currency": "IDR"
    },
    "payment": {
      "status": "PAID",
      "paidDate": "2025-09-14T21:09:04.424Z",
      "method": "Manual Send",
      "approvedBy": "admin"
    },
    "company": {
      "name": "RAF NET",
      "address": "Ds. Dander Kab. Bojonegoro",
      "phone": "+6289685645956",
      "email": "rafnet.bjn@gmail.com",
      "npwp": "12.345.678.9-012.000"
    },
    "notes": "Invoice dikirim ulang secara manual",
    "createdAt": "2025-09-14T21:09:04.425Z"
  },
  {
    "invoiceNumber": "INV-20250915-0005",
    "issueDate": "2025-09-14T21:15:07.099Z",
    "dueDate": "2025-10-14T21:15:07.099Z",
    "customer": {
      "id": 1,
      "name": "dawdaw",
      "phone": "6285233047094",
      "address": "Alamat tidak tersedia",
      "deviceId": "00259E-HG8145V5-4857544351D6F7AB"
    },
    "service": {
      "name": "PAKET-220K",
      "period": "Bulanan",
      "description": "Layanan Internet PAKET-220K",
      "speed": "22Mbps"
    },
    "billing": {
      "subtotal": 220000,
      "tax": 0,
      "taxRate": 11,
      "enableTax": false,
      "total": 220000,
      "currency": "IDR"
    },
    "payment": {
      "status": "PAID",
      "paidDate": "2025-09-14T21:15:07.097Z",
      "method": "Manual Send",
      "approvedBy": "admin"
    },
    "company": {
      "name": "RAF NET",
      "address": "Ds. Dander Kab. Bojonegoro",
      "phone": "+6289685645956",
      "email": "rafnet.bjn@gmail.com",
      "npwp": "12.345.678.9-012.000"
    },
    "notes": "Invoice dikirim ulang secara manual",
    "createdAt": "2025-09-14T21:15:07.099Z"
  },
  {
    "invoiceNumber": "INV-20250915-0006",
    "issueDate": "2025-09-14T21:26:24.908Z",
    "dueDate": "2025-10-14T21:26:24.908Z",
    "customer": {
      "id": 1,
      "name": "dawdaw",
      "phone": "6285233047094",
      "address": "Alamat tidak tersedia",
      "deviceId": "00259E-HG8145V5-4857544351D6F7AB"
    },
    "service": {
      "name": "PAKET-220K",
      "period": "Bulanan",
      "description": "Layanan Internet PAKET-220K",
      "speed": "22Mbps"
    },
    "billing": {
      "subtotal": 220000,
      "tax": 0,
      "taxRate": 11,
      "enableTax": false,
      "total": 220000,
      "currency": "IDR"
    },
    "payment": {
      "status": "PAID",
      "paidDate": "2025-09-14T21:26:24.907Z",
      "method": "Manual Send",
      "approvedBy": "admin"
    },
    "company": {
      "name": "RAF NET",
      "address": "Ds. Dander Kab. Bojonegoro",
      "phone": "+6289685645956",
      "email": "rafnet.bjn@gmail.com",
      "npwp": "12.345.678.9-012.000"
    },
    "notes": "Invoice dikirim ulang secara manual",
    "createdAt": "2025-09-14T21:26:24.908Z"
  },
  {
    "invoiceNumber": "INV-20250916-0001",
    "issueDate": "2025-09-16T08:32:02.290Z",
    "dueDate": "2025-10-16T08:32:02.290Z",
    "customer": {
      "id": 1,
      "name": "dawdaw",
      "phone": "6285233047094",
      "address": "Alamat tidak tersedia",
      "deviceId": "00259E-HG8145V5-4857544351D6F7AB"
    },
    "service": {
      "name": "PAKET-220K",
      "period": "Bulanan",
      "description": "Layanan Internet PAKET-220K",
      "speed": "22Mbps"
    },
    "billing": {
      "subtotal": 220000,
      "tax": 0,
      "taxRate": 11,
      "enableTax": false,
      "total": 220000,
      "currency": "IDR"
    },
    "payment": {
      "status": "PAID",
      "paidDate": "2025-09-16T08:32:02.289Z",
      "method": "Manual Send",
      "approvedBy": "admin"
    },
    "company": {
      "name": "RAF NET",
      "address": "Ds. Dander Kab. Bojonegoro",
      "phone": "+6289685645956",
      "email": "rafnet.bjn@gmail.com",
      "npwp": "12.345.678.9-012.000"
    },
    "notes": "Invoice dikirim ulang secara manual",
    "createdAt": "2025-09-16T08:32:02.290Z"
  },
  {
    "invoiceNumber": "INV-20250917-0001",
    "issueDate": "2025-09-17T08:11:05.827Z",
    "dueDate": "2025-10-17T08:11:05.827Z",
    "customer": {
      "id": 1,
      "name": "dawdaw",
      "phone": "6285233047094",
      "address": "Alamat tidak tersedia",
      "deviceId": "00259E-HG8145V5-4857544351D6F7AB"
    },
    "service": {
      "name": "PAKET-220K",
      "period": "Bulanan",
      "description": "Layanan Internet PAKET-220K",
      "speed": "22Mbps"
    },
    "billing": {
      "subtotal": 220000,
      "tax": 0,
      "taxRate": 11,
      "enableTax": false,
      "total": 220000,
      "currency": "IDR"
    },
    "payment": {
      "status": "PAID",
      "paidDate": "2025-09-17T08:11:05.825Z",
      "method": "Manual Send",
      "approvedBy": "admin"
    },
    "company": {
      "name": "RAF NET",
      "address": "Ds. Dander Kab. Bojonegoro",
      "phone": "+6289685645956",
      "email": "rafnet.bjn@gmail.com",
      "npwp": "12.345.678.9-012.000"
    },
    "notes": "Invoice dikirim ulang secara manual",
    "createdAt": "2025-09-17T08:11:05.827Z"
  },
  {
    "invoiceNumber": "INV-20250917-0002",
    "issueDate": "2025-09-17T11:05:45.417Z",
    "dueDate": "2025-10-17T11:05:45.417Z",
    "customer": {
      "id": 1,
      "name": "dawdaw",
      "phone": "6285233047094",
      "address": "Alamat tidak tersedia",
      "deviceId": "00259E-HG8145V5-4857544351D6F7AB"
    },
    "service": {
      "name": "PAKET-220K",
      "period": "Bulanan",
      "description": "Layanan Internet PAKET-220K",
      "speed": "22Mbps"
    },
    "billing": {
      "subtotal": 220000,
      "tax": 0,
      "taxRate": 11,
      "enableTax": false,
      "total": 220000,
      "currency": "IDR"
    },
    "payment": {
      "status": "PAID",
      "paidDate": "2025-09-17T11:05:45.416Z",
      "method": "Manual Send",
      "approvedBy": "admin"
    },
    "company": {
      "name": "RAF NET",
      "address": "Ds. Dander Kab. Bojonegoro",
      "phone": "+6289685645956",
      "email": "rafnet.bjn@gmail.com",
      "npwp": "12.345.678.9-012.000"
    },
    "notes": "Invoice dikirim ulang secara manual",
    "createdAt": "2025-09-17T11:05:45.417Z"
  },
  {
    "invoiceNumber": "INV-20250917-0003",
    "issueDate": "2025-09-17T11:12:53.590Z",
    "dueDate": "2025-10-17T11:12:53.590Z",
    "customer": {
      "id": 1,
      "name": "dawdaw",
      "phone": "6285233047094",
      "address": "Alamat tidak tersedia",
      "deviceId": "00259E-HG8145V5-4857544351D6F7AB"
    },
    "service": {
      "name": "PAKET-220K",
      "period": "Bulanan",
      "description": "Layanan Internet PAKET-220K",
      "speed": "22Mbps"
    },
    "billing": {
      "subtotal": 220000,
      "tax": 0,
      "taxRate": 11,
      "enableTax": false,
      "total": 220000,
      "currency": "IDR"
    },
    "payment": {
      "status": "PAID",
      "paidDate": "2025-09-17T11:12:53.589Z",
      "method": "CASH",
      "approvedBy": "admin"
    },
    "company": {
      "name": "RAF NET",
      "address": "Ds. Dander Kab. Bojonegoro",
      "phone": "+6289685645956",
      "email": "rafnet.bjn@gmail.com",
      "npwp": "12.345.678.9-012.000"
    },
    "notes": "Invoice dikirim ulang secara manual",
    "createdAt": "2025-09-17T11:12:53.590Z"
  },
  {
    "invoiceNumber": "INV-20250917-0004",
    "issueDate": "2025-09-17T11:47:42.426Z",
    "dueDate": "2025-10-17T11:47:42.426Z",
    "customer": {
      "id": 1,
      "name": "dawdaw",
      "phone": "6285233047094",
      "address": "Alamat tidak tersedia",
      "deviceId": "00259E-HG8145V5-4857544351D6F7AB"
    },
    "service": {
      "name": "PAKET-220K",
      "period": "Bulanan",
      "description": "Layanan Internet PAKET-220K",
      "speed": "22Mbps"
    },
    "billing": {
      "subtotal": 220000,
      "tax": 0,
      "taxRate": 11,
      "enableTax": false,
      "total": 220000,
      "currency": "IDR"
    },
    "payment": {
      "status": "PAID",
      "paidDate": "2025-09-17T11:47:42.419Z",
      "method": "BANK_TRANSFER",
      "approvedBy": "admin"
    },
    "company": {
      "name": "RAF NET",
      "address": "Ds. Dander Kab. Bojonegoro",
      "phone": "+6289685645956",
      "email": "rafnet.bjn@gmail.com",
      "npwp": "12.345.678.9-012.000"
    },
    "notes": "Invoice dikirim ulang secara manual",
    "createdAt": "2025-09-17T11:47:42.426Z"
  },
  {
    "invoiceNumber": "INV-20250917-0005",
    "issueDate": "2025-09-17T11:52:30.928Z",
    "dueDate": "2025-10-17T11:52:30.928Z",
    "customer": {
      "id": 1,
      "name": "dawdaw",
      "phone": "6285233047094",
      "address": "Alamat tidak tersedia",
      "deviceId": "00259E-HG8145V5-4857544351D6F7AB"
    },
    "service": {
      "name": "PAKET-220K",
      "period": "Bulanan",
      "description": "Layanan Internet PAKET-220K",
      "speed": "22Mbps"
    },
    "billing": {
      "subtotal": 220000,
      "tax": 0,
      "taxRate": 11,
      "enableTax": false,
      "total": 220000,
      "currency": "IDR"
    },
    "payment": {
      "status": "PAID",
      "paidDate": "2025-09-17T11:52:30.927Z",
      "method": "BANK_TRANSFER",
      "approvedBy": "admin"
    },
    "company": {
      "name": "RAF NET",
      "address": "Ds. Dander Kab. Bojonegoro",
      "phone": "+6289685645956",
      "email": "rafnet.bjn@gmail.com",
      "npwp": "12.345.678.9-012.000"
    },
    "notes": "Invoice dikirim ulang secara manual",
    "createdAt": "2025-09-17T11:52:30.928Z"
  },
  {
    "invoiceNumber": "INV-20250917-0006",
    "issueDate": "2025-09-17T11:57:15.768Z",
    "dueDate": "2025-10-17T11:57:15.768Z",
    "customer": {
      "id": 1,
      "name": "dawdaw",
      "phone": "6285233047094",
      "address": "Alamat tidak tersedia",
      "deviceId": "00259E-HG8145V5-4857544351D6F7AB"
    },
    "service": {
      "name": "PAKET-220K",
      "period": "Bulanan",
      "description": "Layanan Internet PAKET-220K",
      "speed": "22Mbps"
    },
    "billing": {
      "subtotal": 220000,
      "tax": 0,
      "taxRate": 11,
      "enableTax": false,
      "total": 220000,
      "currency": "IDR"
    },
    "payment": {
      "status": "PAID",
      "paidDate": "2025-09-17T11:57:15.765Z",
      "method": "BANK_TRANSFER",
      "approvedBy": "admin"
    },
    "company": {
      "name": "RAF NET",
      "address": "Ds. Dander Kab. Bojonegoro",
      "phone": "+6289685645956",
      "email": "rafnet.bjn@gmail.com",
      "npwp": "12.345.678.9-012.000",
      "logoPath": "/uploads/logos/company-logo-1758108419690-101756992.png"
    },
    "notes": "Invoice dikirim ulang secara manual",
    "createdAt": "2025-09-17T11:57:15.768Z"
  },
  {
    "invoiceNumber": "INV-20250917-0007",
    "issueDate": "2025-09-17T12:03:30.138Z",
    "dueDate": "2025-10-17T12:03:30.138Z",
    "customer": {
      "id": 1,
      "name": "dawdaw",
      "phone": "6285233047094",
      "address": "Alamat tidak tersedia",
      "deviceId": "00259E-HG8145V5-4857544351D6F7AB"
    },
    "service": {
      "name": "PAKET-220K",
      "period": "Bulanan",
      "description": "Layanan Internet PAKET-220K",
      "speed": "22Mbps"
    },
    "billing": {
      "subtotal": 220000,
      "tax": 0,
      "taxRate": 11,
      "enableTax": false,
      "total": 220000,
      "currency": "IDR"
    },
    "payment": {
      "status": "PAID",
      "paidDate": "2025-09-17T12:03:30.137Z",
      "method": "BANK_TRANSFER",
      "approvedBy": "admin"
    },
    "company": {
      "name": "RAF NET",
      "address": "Ds. Dander Kab. Bojonegoro",
      "phone": "+6289685645956",
      "email": "rafnet.bjn@gmail.com",
      "npwp": "12.345.678.9-012.000",
      "logoPath": "/uploads/logos/company-logo-1758108419690-101756992.png"
    },
    "notes": "Invoice dikirim ulang secara manual",
    "createdAt": "2025-09-17T12:03:30.138Z"
  },
  {
    "invoiceNumber": "INV-20251010-0001",
    "issueDate": "2025-10-10T12:39:10.987Z",
    "dueDate": "2025-11-09T12:39:10.987Z",
    "customer": {
      "id": 1,
      "name": "wadawdawd",
      "phone": "6285233047094",
      "address": "Alamat tidak tersedia",
      "deviceId": ""
    },
    "service": {
      "name": "Paket-10Mbps",
      "period": "Bulanan",
      "description": "Layanan Internet Paket-10Mbps",
      "speed": "10Mbps"
    },
    "billing": {
      "subtotal": 10000,
      "tax": 0,
      "taxRate": 0,
      "enableTax": false,
      "total": 10000,
      "currency": "IDR"
    },
    "payment": {
      "status": "PAID",
      "paidDate": "2025-10-10T12:39:10.829Z",
      "method": "CASH",
      "approvedBy": "admin"
    },
    "company": {
      "name": "RAF NET",
      "address": "Ds. Dander Kab. Bojonegoro",
      "phone": "+6289685645956",
      "email": "rafnet.bjn@gmail.com",
      "npwp": "12.345.678.9-012.000",
      "website": "https://rafnet.my.id",
      "logoPath": "/uploads/logos/company-logo-1758108419690-101756992.png"
    },
    "bankAccount": {
      "bankName": "",
      "accountNumber": "",
      "accountName": "",
      "branch": "",
      "paymentInstructions": ""
    },
    "notes": "Status pembayaran diubah melalui halaman Payment Status",
    "createdAt": "2025-10-10T12:39:10.987Z"
  },
  {
    "invoiceNumber": "INV-20251010-0002",
    "issueDate": "2025-10-10T12:52:19.117Z",
    "dueDate": "2025-11-09T12:52:19.117Z",
    "customer": {
      "id": 1,
      "name": "wadawdawd",
      "phone": "6285233047094",
      "address": "Alamat tidak tersedia",
      "deviceId": ""
    },
    "service": {
      "name": "Paket-10Mbps",
      "period": "Bulanan",
      "description": "Layanan Internet Paket-10Mbps",
      "speed": "10Mbps"
    },
    "billing": {
      "subtotal": 10000,
      "tax": 0,
      "taxRate": 0,
      "enableTax": false,
      "total": 10000,
      "currency": "IDR"
    },
    "payment": {
      "status": "PAID",
      "paidDate": "2025-10-10T12:52:19.117Z",
      "method": "CASH",
      "approvedBy": "admin"
    },
    "company": {
      "name": "RAF NET",
      "address": "Ds. Dander Kab. Bojonegoro",
      "phone": "+6289685645956",
      "email": "rafnet.bjn@gmail.com",
      "npwp": "12.345.678.9-012.000",
      "website": "https://rafnet.my.id",
      "logoPath": "/uploads/logos/company-logo-1758108419690-101756992.png"
    },
    "bankAccount": {
      "bankName": "",
      "accountNumber": "",
      "accountName": "",
      "branch": "",
      "paymentInstructions": ""
    },
    "notes": "Invoice dikirim ulang secara manual",
    "createdAt": "2025-10-10T12:52:19.117Z"
  },
  {
    "invoiceNumber": "INV-20251010-0001",
    "issueDate": "2025-10-10T13:13:26.572Z",
    "dueDate": "2025-10-09T17:00:00.000Z",
    "customer": {
      "id": 1,
      "name": "wadawdawd",
      "phone": "6285233047094",
      "address": "Alamat tidak tersedia",
      "deviceId": ""
    },
    "service": {
      "name": "Paket-10Mbps",
      "period": "Bulanan",
      "description": "Layanan Internet Paket-10Mbps",
      "speed": "10Mbps"
    },
    "billing": {
      "subtotal": 100000,
      "tax": 0,
      "taxRate": 0,
      "enableTax": false,
      "total": 100000,
      "currency": "IDR"
    },
    "payment": {
      "status": "PAID",
      "paidDate": "2025-10-10T13:13:26.571Z",
      "method": "CASH",
      "approvedBy": "admin"
    },
    "company": {
      "name": "RAF NET",
      "address": "Ds. Dander Kab. Bojonegoro",
      "phone": "+6289685645956",
      "email": "rafnet.bjn@gmail.com",
      "npwp": "12.345.678.9-012.000",
      "website": "https://rafnet.my.id",
      "logoPath": "/uploads/logos/company-logo-1758108419690-101756992.png"
    },
    "bankAccount": {
      "bankName": "",
      "accountNumber": "",
      "accountName": "",
      "branch": "",
      "paymentInstructions": ""
    },
    "notes": "Invoice dikirim ulang secara manual",
    "createdAt": "2025-10-10T13:13:26.572Z"
  },
  {
    "invoiceNumber": "INV-20251010-0002",
    "issueDate": "2025-10-10T13:13:46.617Z",
    "dueDate": "2025-10-09T17:00:00.000Z",
    "customer": {
      "id": 1,
      "name": "wadawdawd",
      "phone": "6285233047094",
      "address": "Alamat tidak tersedia",
      "deviceId": ""
    },
    "service": {
      "name": "Paket-10Mbps",
      "period": "Bulanan",
      "description": "Layanan Internet Paket-10Mbps",
      "speed": "10Mbps"
    },
    "billing": {
      "subtotal": 100000,
      "tax": 0,
      "taxRate": 0,
      "enableTax": false,
      "total": 100000,
      "currency": "IDR"
    },
    "payment": {
      "status": "PAID",
      "paidDate": "2025-10-10T13:13:46.617Z",
      "method": "CASH",
      "approvedBy": "admin"
    },
    "company": {
      "name": "RAF NET",
      "address": "Ds. Dander Kab. Bojonegoro",
      "phone": "+6289685645956",
      "email": "rafnet.bjn@gmail.com",
      "npwp": "12.345.678.9-012.000",
      "website": "https://rafnet.my.id",
      "logoPath": "/uploads/logos/company-logo-1758108419690-101756992.png"
    },
    "bankAccount": {
      "bankName": "",
      "accountNumber": "",
      "accountName": "",
      "branch": "",
      "paymentInstructions": ""
    },
    "notes": "Invoice dikirim ulang secara manual",
    "createdAt": "2025-10-10T13:13:46.617Z"
  },
  {
    "invoiceNumber": "INV-20251010-0003",
    "issueDate": "2025-10-10T13:14:09.284Z",
    "dueDate": "2025-10-09T17:00:00.000Z",
    "customer": {
      "id": 1,
      "name": "wadawdawd",
      "phone": "6285233047094",
      "address": "Alamat tidak tersedia",
      "deviceId": ""
    },
    "service": {
      "name": "Paket-10Mbps",
      "period": "Bulanan",
      "description": "Layanan Internet Paket-10Mbps",
      "speed": "10Mbps"
    },
    "billing": {
      "subtotal": 100000,
      "tax": 0,
      "taxRate": 0,
      "enableTax": false,
      "total": 100000,
      "currency": "IDR"
    },
    "payment": {
      "status": "PAID",
      "paidDate": "2025-10-10T13:14:09.284Z",
      "method": "CASH",
      "approvedBy": "admin"
    },
    "company": {
      "name": "RAF NET",
      "address": "Ds. Dander Kab. Bojonegoro",
      "phone": "+6289685645956",
      "email": "rafnet.bjn@gmail.com",
      "npwp": "12.345.678.9-012.000",
      "website": "https://rafnet.my.id",
      "logoPath": "/uploads/logos/company-logo-1758108419690-101756992.png"
    },
    "bankAccount": {
      "bankName": "",
      "accountNumber": "",
      "accountName": "",
      "branch": "",
      "paymentInstructions": ""
    },
    "notes": "Invoice dikirim ulang secara manual",
    "createdAt": "2025-10-10T13:14:09.284Z"
  },
  {
    "invoiceNumber": "INV-20251010-0001",
    "issueDate": "2025-10-10T14:52:01.693Z",
    "dueDate": "2025-10-09T17:00:00.000Z",
    "customer": {
      "id": 1,
      "name": "wadawdawdadawd",
      "phone": "6285233047094",
      "address": "Alamat tidak tersedia",
      "deviceId": ""
    },
    "service": {
      "name": "Paket-10Mbps",
      "period": "Bulanan",
      "description": "Layanan Internet Paket-10Mbps",
      "speed": "10Mbps"
    },
    "billing": {
      "subtotal": 100000,
      "tax": 0,
      "taxRate": 0,
      "enableTax": false,
      "total": 100000,
      "currency": "IDR"
    },
    "payment": {
      "status": "PAID",
      "paidDate": "2025-10-10T14:52:01.691Z",
      "method": "BANK_TRANSFER",
      "approvedBy": "admin"
    },
    "company": {
      "name": "RAF NET",
      "address": "Ds. Dander Kab. Bojonegoro",
      "phone": "+6289685645956",
      "email": "rafnet.bjn@gmail.com",
      "npwp": "12.345.678.9-012.000",
      "website": "https://rafnet.my.id",
      "logoPath": "/uploads/logos/company-logo-1758108419690-101756992.png"
    },
    "bankAccount": {
      "bankName": "",
      "accountNumber": "",
      "accountName": "",
      "branch": "",
      "paymentInstructions": ""
    },
    "notes": "Invoice dikirim ulang secara manual",
    "createdAt": "2025-10-10T14:52:01.693Z"
  },
  {
    "invoiceNumber": "INV-20251106-0001",
    "issueDate": "2025-11-06T05:01:37.193Z",
    "dueDate": "2025-11-09T17:00:00.000Z",
    "customer": {
      "id": 1,
      "name": "Test User",
      "phone": "6285233047094|6285604652630",
      "address": "bakjbsdkjabwjbdwnd",
      "deviceId": "00259E-HG8145V5-4857544351D6F7AB"
    },
    "service": {
      "name": "Paket-10Mbps",
      "period": "Bulanan",
      "description": "Layanan Internet Paket-10Mbps",
      "speed": "10Mbps"
    },
    "billing": {
      "subtotal": 100000,
      "tax": 0,
      "taxRate": 0,
      "enableTax": false,
      "total": 100000,
      "currency": "IDR"
    },
    "payment": {
      "status": "PAID",
      "paidDate": "2025-11-06T05:01:36.562Z",
      "method": "CASH",
      "approvedBy": "admin"
    },
    "company": {
      "name": "RAF NET",
      "address": "Ds. Dander Kab. Bojonegoro",
      "phone": "+6289685645956",
      "email": "rafnet.bjn@gmail.com",
      "npwp": "12.345.678.9-012.000",
      "website": "https://rafnet.my.id",
      "logoPath": "/uploads/logos/company-logo-1758108419690-101756992.png"
    },
    "bankAccount": {
      "bankName": "",
      "accountNumber": "",
      "accountName": "",
      "branch": "",
      "paymentInstructions": ""
    },
    "notes": "Status pembayaran diperbarui oleh admin",
    "createdAt": "2025-11-06T05:01:37.193Z"
  },
  {
    "invoiceNumber": "INV-20251106-0002",
    "issueDate": "2025-11-06T05:58:02.946Z",
    "dueDate": "2025-11-09T17:00:00.000Z",
    "customer": {
      "id": 1,
      "name": "Test User",
      "phone": "6285233047094|6285604652630",
      "address": "bakjbsdkjabwjbdwnd",
      "deviceId": "00259E-HG8145V5-4857544351D6F7AB"
    },
    "service": {
      "name": "Paket-10Mbps",
      "period": "Bulanan",
      "description": "Layanan Internet Paket-10Mbps",
      "speed": "10Mbps"
    },
    "billing": {
      "subtotal": 100000,
      "tax": 0,
      "taxRate": 0,
      "enableTax": false,
      "total": 100000,
      "currency": "IDR"
    },
    "payment": {
      "status": "PAID",
      "paidDate": "2025-11-06T05:58:01.239Z",
      "method": "CASH",
      "approvedBy": "admin"
    },
    "company": {
      "name": "RAF NET",
      "address": "Ds. Dander Kab. Bojonegoro",
      "phone": "+6289685645956",
      "email": "rafnet.bjn@gmail.com",
      "npwp": "12.345.678.9-012.000",
      "website": "https://rafnet.my.id",
      "logoPath": "/uploads/logos/company-logo-1758108419690-101756992.png"
    },
    "bankAccount": {
      "bankName": "",
      "accountNumber": "",
      "accountName": "",
      "branch": "",
      "paymentInstructions": ""
    },
    "notes": "Status pembayaran diperbarui oleh admin",
    "createdAt": "2025-11-06T05:58:02.946Z"
  },
  {
    "invoiceNumber": "INV-20251106-0001",
    "issueDate": "2025-11-06T06:32:45.816Z",
    "dueDate": "2025-11-09T17:00:00.000Z",
    "customer": {
      "id": 1,
      "name": "Test User",
      "phone": "6285233047094|6285604652630",
      "address": "bakjbsdkjabwjbdwnd",
      "deviceId": "00259E-HG8145V5-4857544351D6F7AB"
    },
    "service": {
      "name": "Paket-10Mbps",
      "period": "Bulanan",
      "description": "Layanan Internet Paket-10Mbps",
      "speed": "10Mbps"
    },
    "billing": {
      "subtotal": 100000,
      "tax": 0,
      "taxRate": 0,
      "enableTax": false,
      "total": 100000,
      "currency": "IDR"
    },
    "payment": {
      "status": "PAID",
      "paidDate": "2025-11-06T06:32:45.815Z",
      "method": "CASH",
      "approvedBy": "Admin"
    },
    "company": {
      "name": "RAF NET",
      "address": "Ds. Dander Kab. Bojonegoro",
      "phone": "+6289685645956",
      "email": "rafnet.bjn@gmail.com",
      "npwp": "12.345.678.9-012.000",
      "website": "https://rafnet.my.id",
      "logoPath": "/uploads/logos/company-logo-1758108419690-101756992.png"
    },
    "bankAccount": {
      "bankName": "",
      "accountNumber": "",
      "accountName": "",
      "branch": "",
      "paymentInstructions": ""
    },
    "notes": "Pembayaran telah disetujui dan diverifikasi.",
    "createdAt": "2025-11-06T06:32:45.816Z"
  }
]