{
  "speed_on_demand_applied": {
    "name": "Notifikasi Speed on Demand Diberikan",
    "template": "🚀 *Speed on Demand Aktif!* 🚀\n\nHalo ${nama_pelanggan},\n\nPermintaan penambahan kecepatan Anda telah disetujui dan sekarang aktif!\n\n- Paket Tambahan: *${requestedPackageName}*\n- Berlaku hingga: *${expirationDate}*\n\nSelamat menikmati koneksi internet yang lebih cepat! Jika ada kendala, jangan ragu untuk menghubungi kami."
  },
  "speed_on_demand_reverted": {
    "name": "Notifikasi Speed on Demand Berakhir",
    "template": "👋 *Periode Speed on Demand Selesai* 👋\n\nHalo ${nama_pelanggan},\n\nPeriode penambahan kecepatan sementara Anda untuk paket *${requestedPackageName}* telah berakhir.\n\nLayanan internet Anda kini telah kembali ke paket normal: *${originalPackageName}*.\n\nTerima kasih telah menggunakan fitur Speed on Demand kami!"
  },
  "unpaid_reminder": {
    "name": "Pengingat Tagihan (Cron Job)",
    "template": "Yth. Pelanggan *${nama_pelanggan}*,\n\nKami dari *${nama_wifi}* ingin memberitahukan bahwa tagihan internet Anda untuk periode *${periode}* telah jatuh tempo pada tanggal *${jatuh_tempo}*.\n\nDetail Tagihan:\n- Paket: *${nama_paket}*\n- Total: *${harga}*\n\nMohon untuk segera melakukan pembayaran agar layanan Anda tidak terganggu.\n\nPembayaran dapat dilakukan melalui:\n${rekening}\n\nJika sudah membayar, mohon abaikan pesan ini atau konfirmasi ke Admin.\n\nTerima kasih,\n*${nama_bot}*"
  },
  "tagihan_lunas": {
    "name": "Cek Tagihan - LUNAS",
    "template": "✅ *STATUS TAGIHAN ANDA* ✅\n\nHalo Kak *${nama_pelanggan}*,\n\nStatus tagihan WiFi Anda untuk paket *${nama_paket}* dengan total *${harga}* adalah: *LUNAS*.\n\nTerima kasih telah melakukan pembayaran tepat waktu. Selamat menikmati layanan kami! 😊\n\nButuh bantuan lain? Ketik *menuwifi*."
  },
  "tagihan_belum_lunas": {
    "name": "Cek Tagihan - BELUM LUNAS",
    "template": "⚠️ *STATUS TAGIHAN ANDA* ⚠️\n\nHalo Kak *${nama_pelanggan}*,\n\nStatus tagihan WiFi Anda untuk paket *${nama_paket}* dengan total *${harga}* adalah: *BELUM LUNAS*.\n\nMohon untuk segera melakukan pembayaran agar layanan Anda tidak terganggu. Anda dapat menghubungi teknisi atau admin untuk proses pembayaran.\n\nButuh bantuan lain? Ketik *menuwifi*."
  },
  "sudah_bayar_notification": {
    "name": "Notifikasi 'Sudah Bayar' ke Pelanggan",
    "template": "✅ STATUS PEMBAYARAN TAGIHAN WIFI ANDA ✅\nHalo Kak ${nama_pelanggan},\n\nTerima kasih, pembayaran tagihan WiFi Anda telah kami terima.\n\nRincian Pembayaran:\n\nStatus: *LUNAS*\n\nPaket: *${nama_paket}*\n\nJumlah: *${harga_formatted}*\n\nSelamat menikmati layanan kami! 😊\n\nButuh bantuan? Ketik menuwifi untuk bantuan lebih lanjut.\n\nSalam Hangat,\n\nAdmin *${nama_wifi}*"
  },
  "isolir_notification": {
    "name": "Notifikasi Isolir",
    "template": "Selamat Pagi Bpk/Ibu ${nama_pelanggan},\n\nDiberitahukan kepada pelanggan bahwa saat ini layanan anda terisolir karena adanya tagihan yang belum terbayarkan untuk periode ${periode}.\n\nMohon segera lakukan pembayaran agar layanan dapat aktif kembali. Pembayaran dapat dilakukan melalui:\n${rekening}\n\n*Abaikan pesan ini jika Anda sudah membayar.\n\n\nTerimakasih\nAdmin ${nama_wifi}"
  },
  "compensation_applied": {
    "name": "Notifikasi Kompensasi Diberikan",
    "template": "Pelanggan Yth. ${nama_pelanggan},\n\nSebagai bentuk permintaan maaf kami, Anda mendapatkan kompensasi berupa peningkatan kecepatan internet.\n\nDetail Kompensasi:\n- Profil Baru: ${profileBaru}\n- Durasi: ${durasiLengkap}\n- Berlaku hingga: ${tanggalAkhir}\n\nSemoga layanan kami semakin memuaskan.\n\nSalam Hangat,\n*${nama_bot}*"
  },
  "compensation_reverted": {
    "name": "Notifikasi Kompensasi Berakhir",
    "template": "Pelanggan Yth. ${nama_pelanggan},\n\nPeriode kompensasi peningkatan kecepatan internet Anda telah berakhir pada ${tanggalRevert}.\nLayanan internet Anda kini telah kembali ke profil normal ${profileAsli}.\n\nTerima kasih atas kepercayaan Anda terhadap layanan kami.\n\nSalam,\n*${nama_bot}*"
  },
  "customer_welcome": {
    "name": "Pendaftaran Pelanggan Baru",
    "template": "✨ *Selamat Bergabung di ${nama_wifi}!* ✨\n\nHalo *${nama_pelanggan}*,\n\nAkun Anda telah berhasil dibuat. Berikut adalah detail login Anda untuk mengakses portal pelanggan:\n\n👤 *Username:* `${username}`\n🔑 *Password:* `${password}`\n\nMohon simpan informasi ini baik-baik. Anda dapat menggunakan kredensial ini untuk memeriksa status layanan, tagihan, dan lainnya di aplikasi atau website kami.\n\nTerima kasih telah memilih kami sebagai penyedia layanan internet Anda."
  },
  "redaman_alert": {
    "name": "Notifikasi Gangguan Redaman",
    "template": "⚠️ *Notifikasi Gangguan Redaman* ⚠️\n\nTerdeteksi gangguan redaman pada pelanggan:\n\n- Nama Pelanggan: *${nama_pelanggan}*\n- No Hp: *${no_hp}*\n- Alamat: *${alamat}*\n- User PPPoE: *${pppoe}*\n- Redaman: *${redaman}*\n\nMohon kepada tim teknisi untuk segera melakukan pengecekan lebih lanjut."
  },
  "ticket_cancelled_customer": {
    "name": "Notifikasi Pembatalan Tiket (Pelanggan)",
    "template": "❌ *TIKET LAPORAN DIBATALKAN* ❌\n\nHalo *${nama_pelanggan}*,\n\nTiket laporan Anda telah dibatalkan oleh Admin.\n\n📋 *Detail Tiket:*\n• ID Tiket: *${ticket_id}*\n• Masalah: ${issue_type}\n• Tanggal: ${tanggal}\n• Dibatalkan oleh: ${cancelled_by}\n\n${alasan_section}\n\nJika Anda masih mengalami kendala, silakan buat laporan baru atau hubungi kami di ${telfon}.\n\nTerima kasih. 🙏\n\n*${nama_wifi}*"
  },
  "ticket_cancelled_teknisi": {
    "name": "Notifikasi Pembatalan Tiket (Teknisi)",
    "template": "🚫 *TIKET DIBATALKAN OLEH ADMIN* 🚫\n\n📋 *Detail Tiket:*\n• ID Tiket: *${ticket_id}*\n• Pelanggan: ${nama_pelanggan}\n• No. HP: ${no_hp}\n• Alamat: ${alamat}\n• Masalah: ${issue_type}\n• Prioritas: ${prioritas}\n\n⚠️ *Status:* DIBATALKAN\n• Dibatalkan oleh: ${cancelled_by}\n• Waktu pembatalan: ${waktu_pembatalan}\n\n${alasan_section}\n\n_Tiket ini tidak perlu diproses lagi._"
  },
  "ticket_process_customer": {
    "name": "Notifikasi Tiket Diproses (Pelanggan)",
    "template": "✅ *TIKET DIPROSES*\n\n━━━━━━━━━━━━━━━━\n📋 ID Tiket: *${ticket_id}*\n🔧 Teknisi: *${teknisi_name}*\n${teknisi_phone_section}━━━━━━━━━━━━━━━━\n\n🔐 *KODE OTP: ${otp}*\n\n⚠️ *PENTING:*\n• Simpan kode OTP ini\n• Berikan ke teknisi saat tiba\n• Jangan berikan ke orang lain\n• Kode hanya untuk tiket ini\n\nTeknisi akan segera menuju lokasi Anda.\n\n_Estimasi kedatangan akan diinformasikan._"
  },
  "ticket_otw_customer": {
    "name": "Notifikasi Teknisi OTW (Pelanggan)",
    "template": "🚗 *TEKNISI SEDANG MENUJU LOKASI*\n\n━━━━━━━━━━━━━━━━\n📋 ID Tiket: *${ticket_id}*\n🔧 Teknisi: *${teknisi_name}*\n${teknisi_phone_section}━━━━━━━━━━━━━━━━\n\nTeknisi sedang menuju lokasi Anda.\nPerkiraan tiba dalam ${estimasi_waktu}.\n\n📍 ${lokasi_info}\n\nMohon menunggu dan siapkan:\n• Kode OTP untuk verifikasi\n• Akses ke perangkat/area yang bermasalah\n\n_Update akan diberikan saat teknisi tiba._"
  },
  "ticket_arrived_customer": {
    "name": "Notifikasi Teknisi Sampai (Pelanggan)",
    "template": "🏁 *TEKNISI SUDAH TIBA*\n\n━━━━━━━━━━━━━━━━\n📋 ID Tiket: *${ticket_id}*\n🔧 Teknisi: *${teknisi_name}*\n${teknisi_phone_section}━━━━━━━━━━━━━━━━\n\n✅ Teknisi sudah di lokasi Anda\n\n🔐 Mohon berikan *KODE OTP* kepada teknisi untuk memulai pekerjaan.\n\n_Pastikan OTP yang diberikan sesuai dengan yang Anda terima sebelumnya._"
  },
  "ticket_working_customer": {
    "name": "Notifikasi Mulai Perbaikan (Pelanggan)",
    "template": "🔧 *PERBAIKAN DIMULAI*\n\n━━━━━━━━━━━━━━━━\n📋 ID Tiket: *${ticket_id}*\n🔧 Teknisi: *${teknisi_name}*\n━━━━━━━━━━━━━━━━\n\n✅ Verifikasi OTP berhasil\n✅ Teknisi mulai melakukan perbaikan\n\n⏳ Mohon menunggu hingga perbaikan selesai.\n\n_Teknisi akan memberikan update setelah perbaikan selesai._"
  },
  "ticket_completed_customer": {
    "name": "Notifikasi Tiket Selesai (Pelanggan)",
    "template": "✅ *PERBAIKAN SELESAI*\n\n━━━━━━━━━━━━━━━━\n📋 ID Tiket: *${ticket_id}*\n🔧 Teknisi: *${teknisi_name}*\n⏱️ Durasi: ${durasi} menit\n━━━━━━━━━━━━━━━━\n\n✅ Masalah Anda telah selesai diperbaiki\n📸 Dokumentasi: ${jumlah_foto} foto\n\n${catatan_section}\n\nTerima kasih telah menunggu. Jika masih ada kendala, silakan hubungi kami kembali.\n\nSalam,\n*${nama_wifi}*"
  },
  "ticket_created_teknisi": {
    "name": "Notifikasi Tiket Baru (Teknisi)",
    "template": "🆕 *TIKET LAPORAN BARU* 🆕\n\nAda laporan gangguan baru:\n\n📋 *Detail Tiket:*\n• ID Tiket: *${ticket_id}*\n• Prioritas: ${prioritas}\n• Pelanggan: ${nama_pelanggan}\n• No. HP: ${no_hp}\n• Alamat: ${alamat}\n• Masalah: ${issue_type}\n• Laporan: ${laporan_text}\n\n⚡ *Tindakan:*\nKetik *proses ${ticket_id}* untuk mengambil tiket ini\n\n_Harap segera ditindaklanjuti sesuai prioritas._"
  }
}