[
  {
    "id": "ODC-ODC1-001",
    "type": "ODC",
    "name": "ODC-1",
    "address": "",
    "capacity_ports": 8,
    "latitude": -7.251112,
    "longitude": 111.846824,
    "notes": "",
    "parent_odc_id": null,
    "ports_used": 1,
    "createdAt": "2025-11-07T08:17:08.585Z",
    "updatedAt": "2025-11-07T08:17:08.585Z"
  },
  {
    "id": "ODP-ODC1001-001",
    "type": "ODP",
    "name": "ODP-1",
    "address": "",
    "capacity_ports": 8,
    "latitude": -7.250729,
    "longitude": 111.846587,
    "notes": "",
    "parent_odc_id": "ODC-ODC1-001",
    "ports_used": 0,
    "createdAt": "2025-11-07T08:17:33.214Z",
    "updatedAt": "2025-11-07T08:17:33.214Z"
  }
]