[
  {
    "id": "pkgchange_1757592218002_1",
    "userId": 1,
    "userName": "dawdaw",
    "currentPackageName": "PAKET-125K",
    "requestedPackageName": "PAKET-220K",
    "status": "approved",
    "createdAt": "2025-09-11T12:03:38.002Z",
    "updatedAt": "2025-09-11T12:04:05.146Z",
    "approvedBy": "admin",
    "notes": ""
  },
  {
    "id": "req_1757590024109_xsu08",
    "userId": 1,
    "userName": "dawdaw",
    "currentPackageName": "PAKET-125K",
    "requestedPackageName": "PAKET-150K",
    "requestedBy": "teknisi",
    "createdAt": "2025-09-11T11:27:04.110Z",
    "updatedAt": "2025-09-11T11:42:35.044Z",
    "approvedBy": "admin",
    "status": "rejected",
    "notes": "daawdwa"
  },
  {
    "id": "req_pkg_1762410904673_q58g5",
    "userId": 1,
    "userName": "Test User",
    "userPhone": "6285233047094|6285604652630",
    "currentPackageName": "Paket-10Mbps",
    "requestedPackageName": "1. MASTER Up To 20 Mbps",
    "requestedPackagePrice": 165000,
    "requestedBy": "teknisi",
    "requestedByRole": "teknisi",
    "requestedById": 3,
    "createdAt": "2025-11-06T06:35:04.674Z",
    "updatedAt": "2025-11-06T06:44:02.981Z",
    "approvedBy": "admin",
    "status": "approved",
    "notes": ""
  },
  {
    "id": "req_pkg_1762412569302_e6z5w",
    "userId": 1,
    "userName": "Test User",
    "userPhone": "6285233047094|6285604652630",
    "currentPackageName": "1. MASTER Up To 20 Mbps",
    "requestedPackageName": "Paket-10Mbps",
    "requestedPackagePrice": 100000,
    "requestedBy": "teknisi",
    "requestedByRole": "teknisi",
    "requestedById": 3,
    "createdAt": "2025-11-06T07:02:49.302Z",
    "updatedAt": "2025-11-06T07:03:14.777Z",
    "approvedBy": "admin",
    "status": "approved",
    "notes": ""
  }
]