[
  {
    "reffId": "184c018f70c",
    "trxId": "TP240930YNNY056935",
    "status": true,
    "sender": "6285233047094@s.whatsapp.net",
    "amount": 100,
    "fee": 3
  },
  {
    "reffId": "9dea709d60",
    "trxId": "TP240930TNRZ057423",
    "status": true,
    "sender": "6285233047094@s.whatsapp.net",
    "amount": 100,
    "fee": 3
  },
  {
    "reffId": "2e7c21ba21",
    "trxId": "TP240930EJBP057644",
    "status": true,
    "sender": "6285233047094@s.whatsapp.net",
    "amount": 100,
    "fee": 3
  },
  {
    "reffId": "16d85e9acf1",
    "trxId": "TP240930LHCN058132",
    "status": true,
    "sender": "6285233047094@s.whatsapp.net",
    "amount": 100,
    "fee": 3
  },
  {
    "reffId": "aa58758620",
    "trxId": "TP240930YVDK058394",
    "status": true,
    "sender": "6285879799927@s.whatsapp.net",
    "amount": 100,
    "fee": 2
  },
  {
    "reffId": "d491f521c",
    "trxId": "TP240930XCWY059061",
    "status": false,
    "sender": "6285879799927@s.whatsapp.net",
    "amount": 100,
    "fee": 2
  },
  {
    "reffId": "13d35d6d636",
    "trxId": "TP240930WWTH059080",
    "status": false,
    "sender": "6285233047094@s.whatsapp.net",
    "amount": 100,
    "fee": 3
  },
  {
    "reffId": "34d72c455e",
    "trxId": "TP240930MVBI060045",
    "status": false,
    "sender": "6285233047094@s.whatsapp.net",
    "amount": 100,
    "fee": 3
  },
  {
    "reffId": "76a74f2d71",
    "trxId": "TP240930SPSB060537",
    "status": true,
    "sender": "6285879799927@s.whatsapp.net",
    "amount": 100,
    "fee": 2
  },
  {
    "reffId": "a125920dd",
    "trxId": "TP240930YXFX060793",
    "status": true,
    "sender": "6285233047094@s.whatsapp.net",
    "amount": 100,
    "fee": 2
  },
  {
    "reffId": "772b84c0b8",
    "trxId": "TP240930QJLA060916",
    "status": true,
    "sender": "6285233047094@s.whatsapp.net",
    "amount": 250,
    "fee": 7
  },
  {
    "reffId": "514f026f03",
    "trxId": "TP240930HJRG060979",
    "status": true,
    "sender": "6285233047094@s.whatsapp.net",
    "amount": 300,
    "fee": 8
  },
  {
    "reffId": "fdad772723",
    "trxId": "TP240930UAAY061071",
    "status": true,
    "sender": "6285233047094@s.whatsapp.net",
    "amount": 500,
    "fee": 15
  },
  {
    "reffId": "9c68bb5012",
    "trxId": "TP240930VHHN061153",
    "status": true,
    "sender": "6285233047094@s.whatsapp.net",
    "amount": 1000,
    "fee": 17
  },
  {
    "reffId": "6b8fcd8e65",
    "trxId": "TP240930RGRS061361",
    "status": true,
    "sender": "6285233047094@s.whatsapp.net",
    "amount": 1000,
    "fee": 25
  },
  {
    "reffId": "a7fd356bfe",
    "trxId": "TP241001SVDL010954",
    "status": true,
    "sender": "6285233047094@s.whatsapp.net",
    "amount": 500,
    "fee": 13
  },
  {
    "reffId": "158520abd04",
    "trxId": "TP241001GQSV020009",
    "status": true,
    "sender": "6289685645956@s.whatsapp.net",
    "amount": 1000,
    "fee": 25
  },
  {
    "reffId": "27e80208c3",
    "trxId": "TP241001VBVV020889",
    "status": false,
    "sender": "6285233047094@s.whatsapp.net",
    "amount": 1000,
    "fee": 30
  },
  {
    "reffId": "9082eeb27a",
    "trxId": "TP241001NRSY024123",
    "status": true,
    "sender": "6285233047094@s.whatsapp.net",
    "amount": 1000,
    "fee": 25
  },
  {
    "reffId": "10a431f1cac",
    "trxId": "TP241001WQYJ027979",
    "status": false,
    "sender": "6282214535152@s.whatsapp.net",
    "amount": 1000,
    "fee": 17
  },
  {
    "reffId": "1574e5b35a7",
    "trxId": "TP241008TBPF018292",
    "status": true,
    "sender": "6285233047094@s.whatsapp.net",
    "amount": 1000,
    "fee": 25
  },
  {
    "reffId": "7e0216f1d0",
    "trxId": 18092231,
    "status": true,
    "tag": "topup",
    "sender": "6289685645956@s.whatsapp.net",
    "amount": 1000,
    "method": "QRIS",
    "ket": "Topup 1000 to 6289685645956@s.whatsapp.net"
  }
]