[
  {
    "ticketId": "4MZV2HG",
    "pelangganUserId": 1,
    "pelangganId": "6285233047094@s.whatsapp.net",
    "pelangganName": "Test User",
    "pelangganPhone": "6285233047094|6285604652630",
    "pelangganAddress": "bakjbsdkjabwjbdwnd",
    "pelangganSubscription": "Paket-10Mbps",
    "pelangganDataSystem": {
      "id": 1,
      "name": "Test User",
      "address": "bakjbsdkjabwjbdwnd",
      "subscription": "Paket-10Mbps",
      "pppoe_username": "tr069"
    },
    "laporanText": "bahbdhabwhd",
    "status": "dibatalkan",
    "priority": "HIGH",
    "issueType": "MATI",
    "createdAt": "2025-11-09T10:44:49.525Z",
    "createdBy": "RAF",
    "createdByAdmin": true,
    "deviceOnline": null,
    "troubleshootingDone": false,
    "assignedTeknisiId": null,
    "assignedTeknisiName": null,
    "processingStartedAt": null,
    "processedByTeknisiId": null,
    "processedByTeknisiName": null,
    "resolvedAt": null,
    "resolvedByTeknisiId": null,
    "resolvedByTeknisiName": null,
    "cancellationReason": null,
    "cancellationTimestamp": null,
    "cancelledBy": null,
    "cancelled_by": "admin",
    "cancelled_at": "2025-11-09T10:50:08.017Z",
    "cancellation_reason": "sudah terselesaikan."
  }
]