[
  {
    "ticketId": "6A8ZJTL",
    "pelangganId": "6285233047094@s.whatsapp.net",
    "pelangganPushName": "tes",
    "pelangganDataSystem": {
      "id": 1,
      "name": "tes",
      "address": "",
      "subscription": "Paket-10Mbps",
      "pppoe_username": "tes-wifi"
    },
    "category": "MATI",
    "laporanText": "internet mati",
    "status": "dibatalkan",
    "createdAt": "2025-12-11T10:01:13.620Z",
    "createdBy": {
      "type": "customer_panel",
      "ip": "::ffff:192.168.145.245",
      "userId": 1
    },
    "assignedTeknisiId": null,
    "processingStartedAt": null,
    "processedByTeknisiId": null,
    "processedByTeknisiName": null,
    "resolvedAt": null,
    "resolvedByTeknisiId": null,
    "resolvedByTeknisiName": null,
    "cancelled_by": "admin",
    "cancelled_at": "2025-12-11T10:51:11.613Z",
    "cancellation_reason": "batal"
  },
  {
    "ticketId": "RC67PBS",
    "pelangganUserId": 1,
    "pelangganId": "6285233047094@s.whatsapp.net",
    "pelangganName": "tes",
    "pelangganPhone": "6285233047094",
    "pelangganAddress": "",
    "pelangganSubscription": "Paket-10Mbps",
    "pelangganDataSystem": {
      "id": 1,
      "name": "tes",
      "address": "",
      "subscription": "Paket-10Mbps",
      "pppoe_username": "tes-wifi"
    },
    "laporanText": "internet mati total",
    "status": "resolved",
    "priority": "HIGH",
    "issueType": "MATI",
    "createdAt": "2025-12-11T10:56:34.602Z",
    "createdBy": "DAPINN",
    "createdByRole": "teknisi",
    "deviceOnline": null,
    "troubleshootingDone": false,
    "assignedTeknisiId": 3,
    "assignedTeknisiName": "DAPINN",
    "processingStartedAt": null,
    "processedByTeknisiId": null,
    "processedByTeknisiName": null,
    "resolvedAt": "2025-12-11T10:58:58.095Z",
    "resolvedByTeknisiId": null,
    "resolvedByTeknisiName": null,
    "cancellationReason": null,
    "cancellationTimestamp": null,
    "cancelledBy": null,
    "teknisiId": 3,
    "teknisiName": "DAPINN",
    "teknisiPhone": "6289685645956",
    "otp": "229661",
    "processedAt": "2025-12-11T10:56:46.759Z",
    "processedBy": "teknisi",
    "otpAttempts": 0,
    "otpAttemptsResetAt": null,
    "otwAt": "2025-12-11T10:57:13.028Z",
    "arrivedAt": "2025-12-11T10:57:20.112Z",
    "otpVerifiedAt": "2025-12-11T10:57:35.312Z",
    "workStartedAt": "2025-12-11T10:57:35.312Z",
    "photos": [
      {
        "path": "/uploads/tickets/2025/12/RC67PBS/photo_1765450713931_ikf88l.png",
        "filename": "photo_1765450713931_ikf88l.png",
        "uploadedAt": "2025-12-11T10:58:33.939Z",
        "uploadedBy": "teknisi",
        "size": 22950,
        "category": "problem",
        "categoryLabel": "Titik Putus / Penyebab Masalah"
      },
      {
        "path": "/uploads/tickets/2025/12/RC67PBS/photo_1765450719537_q816vj.png",
        "filename": "photo_1765450719537_q816vj.png",
        "uploadedAt": "2025-12-11T10:58:39.539Z",
        "uploadedBy": "teknisi",
        "size": 25516,
        "category": "speedtest",
        "categoryLabel": "Screenshot Speedtest"
      },
      {
        "path": "/uploads/tickets/2025/12/RC67PBS/photo_1765450725073_kncdsp.png",
        "filename": "photo_1765450725073_kncdsp.png",
        "uploadedAt": "2025-12-11T10:58:45.082Z",
        "uploadedBy": "teknisi",
        "size": 451330,
        "category": "result",
        "categoryLabel": "Foto Hasil Redaman"
      }
    ],
    "teknisiPhotos": [
      "photo_1765450713931_ikf88l.png",
      "photo_1765450719537_q816vj.png",
      "photo_1765450725073_kncdsp.png"
    ],
    "teknisiPhotoCount": 3,
    "completedAt": "2025-12-11T10:58:58.095Z",
    "resolvedBy": "teknisi",
    "resolutionNotes": "aman bosku",
    "workDuration": 1,
    "photoCount": 3
  },
  {
    "ticketId": "AXE2DET",
    "pelangganUserId": 1,
    "pelangganId": "6285233047094@s.whatsapp.net",
    "pelangganName": "tes",
    "pelangganPhone": "6285233047094",
    "pelangganAddress": "",
    "pelangganSubscription": "Paket-10Mbps",
    "pelangganDataSystem": {
      "id": 1,
      "name": "tes",
      "address": "",
      "subscription": "Paket-10Mbps",
      "pppoe_username": "tes-wifi"
    },
    "laporanText": "mati total",
    "status": "dibatalkan",
    "priority": "HIGH",
    "issueType": "MATI",
    "createdAt": "2025-12-12T03:07:41.419Z",
    "createdBy": "DAPINN",
    "createdByRole": "teknisi",
    "deviceOnline": null,
    "troubleshootingDone": false,
    "assignedTeknisiId": 3,
    "assignedTeknisiName": "DAPINN",
    "processingStartedAt": null,
    "processedByTeknisiId": null,
    "processedByTeknisiName": null,
    "resolvedAt": null,
    "resolvedByTeknisiId": null,
    "resolvedByTeknisiName": null,
    "cancellationReason": null,
    "cancellationTimestamp": null,
    "cancelledBy": null,
    "cancelled_by": "admin",
    "cancelled_at": "2025-12-12T03:15:50.009Z",
    "cancellation_reason": "batal"
  },
  {
    "ticketId": "V7JRBQS",
    "pelangganUserId": 1,
    "pelangganId": "6285233047094@s.whatsapp.net",
    "pelangganName": "tes",
    "pelangganPhone": "6285233047094",
    "pelangganAddress": "",
    "pelangganSubscription": "Paket-10Mbps",
    "pelangganDataSystem": {
      "id": 1,
      "name": "tes",
      "address": "",
      "subscription": "Paket-10Mbps",
      "pppoe_username": "tes-wifi"
    },
    "laporanText": "mati",
    "status": "baru",
    "priority": "HIGH",
    "issueType": "MATI",
    "createdAt": "2025-12-12T04:03:44.151Z",
    "createdBy": "DAPINN",
    "createdByRole": "teknisi",
    "deviceOnline": null,
    "troubleshootingDone": false,
    "assignedTeknisiId": 3,
    "assignedTeknisiName": "DAPINN",
    "processingStartedAt": null,
    "processedByTeknisiId": null,
    "processedByTeknisiName": null,
    "resolvedAt": null,
    "resolvedByTeknisiId": null,
    "resolvedByTeknisiName": null,
    "cancellationReason": null,
    "cancellationTimestamp": null,
    "cancelledBy": null,
    "teknisiPhotos": [
      {
        "fileName": "teknisi_UNKNOWN_1765512224166_02okje.png",
        "path": "/uploads/reports/2025/12/V7JRBQS/teknisi_UNKNOWN_1765512224166_02okje.png",
        "uploadedAt": "2025-12-12T04:03:44.172Z",
        "size": 22950,
        "uploadedBy": "teknisi",
        "uploadedVia": "teknisi_panel_create"
      }
    ],
    "photos": [
      {
        "fileName": "teknisi_UNKNOWN_1765512224166_02okje.png",
        "path": "/uploads/reports/2025/12/V7JRBQS/teknisi_UNKNOWN_1765512224166_02okje.png",
        "uploadedAt": "2025-12-12T04:03:44.172Z",
        "size": 22950,
        "uploadedBy": "teknisi",
        "uploadedVia": "teknisi_panel_create"
      }
    ],
    "customerPhotos": [],
    "hasTeknisiPhotos": true,
    "photoCount": 1
  }
]