[
  {
    "id": 1760442321283,
    "userId": "1",
    "userName": "huigiugiu",
    "newStatus": true,
    "status": "approved",
    "created_at": "2025-10-14T11:45:21.283Z",
    "updated_at": "2025-10-14T11:45:35.538Z",
    "updated_by": 2,
    "requested_by_teknisi_id": 3
  },
  {
    "id": 1760442348492,
    "userId": "1",
    "userName": "huigiugiu",
    "newStatus": false,
    "status": "approved",
    "created_at": "2025-10-14T11:45:48.492Z",
    "updated_at": "2025-10-14T11:46:03.402Z",
    "updated_by": 2,
    "requested_by_teknisi_id": 3
  },
  {
    "id": 1762410739014,
    "userId": "1",
    "userName": "Test User",
    "newStatus": true,
    "status": "approved",
    "created_at": "2025-11-06T06:32:19.014Z",
    "updated_at": "2025-11-06T06:32:41.460Z",
    "updated_by": 2,
    "requested_by_teknisi_id": 3
  }
]