[
  {
    "id": "TRX1761115326841SMDQ2",
    "userId": "6285604652630@s.whatsapp.net",
    "type": "credit",
    "amount": 10000,
    "description": "Topup verified - transfer",
    "balance_after": 46000,
    "topupRequestId": null,
    "status": "completed",
    "created_at": "2025-10-22T06:42:06.842Z"
  },
  {
    "id": "TRX17611155881894SXQ5",
    "userId": "6285604652630@s.whatsapp.net",
    "type": "credit",
    "amount": 10000,
    "description": "Topup verified - transfer",
    "balance_after": 56000,
    "topupRequestId": null,
    "status": "completed",
    "created_at": "2025-10-22T06:46:28.189Z"
  },
  {
    "id": "TRX1761115788878WN0H4",
    "userId": "6285604652630@s.whatsapp.net",
    "type": "credit",
    "amount": 15000,
    "description": "Topup verified - transfer",
    "balance_after": 71000,
    "topupRequestId": null,
    "status": "completed",
    "created_at": "2025-10-22T06:49:48.878Z"
  },
  {
    "id": "TRX1761116037096D9Q88",
    "userId": "6285604652630@s.whatsapp.net",
    "type": "credit",
    "amount": 10000,
    "description": "Topup verified - transfer",
    "balance_after": 81000,
    "topupRequestId": "T-251022-3QEM",
    "status": "completed",
    "created_at": "2025-10-22T06:53:57.096Z"
  }
]