[
  {
    "id": "TRX1761115326841SMDQ2",
    "userId": "6285604652630@s.whatsapp.net",
    "type": "credit",
    "amount": 10000,
    "description": "Topup verified - transfer",
    "balance_after": 46000,
    "topupRequestId": null,
    "status": "completed",
    "created_at": "2025-10-22T06:42:06.842Z"
  },
  {
    "id": "TRX17611155881894SXQ5",
    "userId": "6285604652630@s.whatsapp.net",
    "type": "credit",
    "amount": 10000,
    "description": "Topup verified - transfer",
    "balance_after": 56000,
    "topupRequestId": null,
    "status": "completed",
    "created_at": "2025-10-22T06:46:28.189Z"
  },
  {
    "id": "TRX1761115788878WN0H4",
    "userId": "6285604652630@s.whatsapp.net",
    "type": "credit",
    "amount": 15000,
    "description": "Topup verified - transfer",
    "balance_after": 71000,
    "topupRequestId": null,
    "status": "completed",
    "created_at": "2025-10-22T06:49:48.878Z"
  },
  {
    "id": "TRX1761116037096D9Q88",
    "userId": "6285604652630@s.whatsapp.net",
    "type": "credit",
    "amount": 10000,
    "description": "Topup verified - transfer",
    "balance_after": 81000,
    "topupRequestId": "T-251022-3QEM",
    "status": "completed",
    "created_at": "2025-10-22T06:53:57.096Z"
  },
  {
    "id": "TRX1763466538259LANTD",
    "userId": "6285233047094@s.whatsapp.net",
    "type": "credit",
    "amount": 10000,
    "description": "Topup saldo agent Agent Pusat - RAF NET by admin",
    "balance_after": 100135999,
    "topupRequestId": null,
    "status": "completed",
    "created_at": "2025-11-18T11:48:58.259Z"
  },
  {
    "id": "TRX1763466790613Q6539",
    "userId": "6285233047094@s.whatsapp.net",
    "type": "credit",
    "amount": 5000,
    "description": "Topup saldo agent Agent Pusat - RAF NET by admin",
    "balance_after": 100140999,
    "topupRequestId": null,
    "status": "completed",
    "created_at": "2025-11-18T11:53:10.613Z"
  },
  {
    "id": "TRX1763466880426AZY9G",
    "userId": "6285233047094@s.whatsapp.net",
    "type": "debit",
    "amount": 1600,
    "description": "Pembelian voucher reseller Paket 3 Jam x2",
    "balance_after": 100139399,
    "topupRequestId": null,
    "status": "completed",
    "created_at": "2025-11-18T11:54:40.427Z"
  },
  {
    "id": "TRX1763476071674CJPX0",
    "userId": "6285233047094@s.whatsapp.net",
    "type": "debit",
    "amount": 1600,
    "description": "Pembelian voucher reseller Paket 3 Jam x2",
    "balance_after": 100124399,
    "topupRequestId": null,
    "status": "completed",
    "created_at": "2025-11-18T14:27:51.674Z"
  },
  {
    "id": "TRX1764142694801CMHGI",
    "userId": "6282291921583@s.whatsapp.net",
    "type": "credit",
    "amount": 10000000,
    "description": "bonus ganteng",
    "balance_after": 10000000,
    "topupRequestId": null,
    "status": "completed",
    "created_at": "2025-11-26T07:38:14.801Z"
  },
  {
    "id": "TRX1764146584339SFMRN",
    "userId": "6285233047094@s.whatsapp.net",
    "type": "credit",
    "amount": 10000,
    "description": "Topup manual by admin",
    "balance_after": 10000,
    "topupRequestId": null,
    "status": "completed",
    "created_at": "2025-11-26T08:43:04.339Z"
  },
  {
    "id": "TRX1764147191365J4UNZ",
    "userId": "6285233047094@s.whatsapp.net",
    "type": "credit",
    "amount": 888888,
    "description": "Topup manual by admin",
    "balance_after": 898888,
    "topupRequestId": null,
    "status": "completed",
    "created_at": "2025-11-26T08:53:11.365Z"
  },
  {
    "id": "TRX17641472144574LO7P",
    "userId": "225743565000823@lid",
    "type": "credit",
    "amount": 0,
    "description": "Topup via payment callback",
    "balance_after": 0,
    "topupRequestId": null,
    "status": "completed",
    "created_at": "2025-11-26T08:53:34.457Z"
  },
  {
    "id": "TRX17641478001784OHYM",
    "userId": "6285233047094:0@s.whatsapp.net",
    "type": "credit",
    "amount": 0,
    "description": "Topup via payment callback",
    "balance_after": 0,
    "topupRequestId": null,
    "status": "completed",
    "created_at": "2025-11-26T09:03:20.178Z"
  },
  {
    "id": "TRX1764148063237UOGEQ",
    "userId": "6285233047094:0@s.whatsapp.net",
    "type": "credit",
    "amount": 0,
    "description": "Topup via payment callback",
    "balance_after": 0,
    "topupRequestId": null,
    "status": "completed",
    "created_at": "2025-11-26T09:07:43.237Z"
  },
  {
    "id": "TRX17641513949996E9TM",
    "userId": "6282291921583:0@s.whatsapp.net",
    "type": "credit",
    "amount": 0,
    "description": "Topup via payment callback",
    "balance_after": 0,
    "topupRequestId": null,
    "status": "completed",
    "created_at": "2025-11-26T10:03:14.999Z"
  },
  {
    "id": "TRX1764151404594IKYQ5",
    "userId": "6282291921583:0@s.whatsapp.net",
    "type": "credit",
    "amount": 0,
    "description": "Topup via payment callback",
    "balance_after": 0,
    "topupRequestId": null,
    "status": "completed",
    "created_at": "2025-11-26T10:03:24.594Z"
  },
  {
    "id": "TRX17641514138247168E",
    "userId": "6282291921583:0@s.whatsapp.net",
    "type": "credit",
    "amount": 0,
    "description": "Topup via payment callback",
    "balance_after": 0,
    "topupRequestId": null,
    "status": "completed",
    "created_at": "2025-11-26T10:03:33.824Z"
  },
  {
    "id": "TRX1764151420887IY8AO",
    "userId": "6282291921583:0@s.whatsapp.net",
    "type": "credit",
    "amount": 0,
    "description": "Topup via payment callback",
    "balance_after": 0,
    "topupRequestId": null,
    "status": "completed",
    "created_at": "2025-11-26T10:03:40.888Z"
  },
  {
    "id": "TRX1764151427438BZJF6",
    "userId": "6282291921583:0@s.whatsapp.net",
    "type": "credit",
    "amount": 0,
    "description": "Topup via payment callback",
    "balance_after": 0,
    "topupRequestId": null,
    "status": "completed",
    "created_at": "2025-11-26T10:03:47.438Z"
  },
  {
    "id": "TRX1764151436059OJ2AP",
    "userId": "6282291921583:0@s.whatsapp.net",
    "type": "credit",
    "amount": 0,
    "description": "Topup via payment callback",
    "balance_after": 0,
    "topupRequestId": null,
    "status": "completed",
    "created_at": "2025-11-26T10:03:56.059Z"
  },
  {
    "id": "TRX17641514416184DDA7",
    "userId": "6282291921583:0@s.whatsapp.net",
    "type": "credit",
    "amount": 0,
    "description": "Topup via payment callback",
    "balance_after": 0,
    "topupRequestId": null,
    "status": "completed",
    "created_at": "2025-11-26T10:04:01.618Z"
  },
  {
    "id": "TRX1764151483675PPG0C",
    "userId": "6282291921583@s.whatsapp.net",
    "type": "credit",
    "amount": 0,
    "description": "Topup via payment callback",
    "balance_after": 0,
    "topupRequestId": null,
    "status": "completed",
    "created_at": "2025-11-26T10:04:43.675Z"
  },
  {
    "id": "TRX1764151506167DAKQC",
    "userId": "6282291921583:0@s.whatsapp.net",
    "type": "credit",
    "amount": 0,
    "description": "Topup via payment callback",
    "balance_after": 0,
    "topupRequestId": null,
    "status": "completed",
    "created_at": "2025-11-26T10:05:06.167Z"
  },
  {
    "id": "TRX17641515344002VVUU",
    "userId": "6282291921583:0@s.whatsapp.net",
    "type": "credit",
    "amount": 0,
    "description": "Topup via payment callback",
    "balance_after": 0,
    "topupRequestId": null,
    "status": "completed",
    "created_at": "2025-11-26T10:05:34.400Z"
  },
  {
    "id": "TRX1764151546061WA18P",
    "userId": "6282291921583:0@s.whatsapp.net",
    "type": "credit",
    "amount": 0,
    "description": "Topup via payment callback",
    "balance_after": 0,
    "topupRequestId": null,
    "status": "completed",
    "created_at": "2025-11-26T10:05:46.061Z"
  },
  {
    "id": "TRX1764151566400NNAY8",
    "userId": "6282291921583:0@s.whatsapp.net",
    "type": "credit",
    "amount": 0,
    "description": "Topup via payment callback",
    "balance_after": 0,
    "topupRequestId": null,
    "status": "completed",
    "created_at": "2025-11-26T10:06:06.400Z"
  },
  {
    "id": "TRX1764153877293X9Z9X",
    "userId": "6285233047094:0@s.whatsapp.net",
    "type": "credit",
    "amount": 0,
    "description": "Topup via payment callback",
    "balance_after": 0,
    "topupRequestId": null,
    "status": "completed",
    "created_at": "2025-11-26T10:44:37.293Z"
  },
  {
    "id": "TRX1764159040125BP18K",
    "userId": "6282291921583@s.whatsapp.net",
    "type": "credit",
    "amount": 88888888,
    "description": "Topup manual by admin",
    "balance_after": 88888888,
    "topupRequestId": null,
    "status": "completed",
    "created_at": "2025-11-26T12:10:40.125Z"
  },
  {
    "id": "TRX17642050305323Z281",
    "userId": "6285233047094@s.whatsapp.net",
    "type": "credit",
    "amount": 10000,
    "description": "Topup manual by admin",
    "balance_after": 10000,
    "topupRequestId": null,
    "status": "completed",
    "created_at": "2025-11-27T00:57:10.532Z"
  },
  {
    "id": "TRX17642053619635O5DG",
    "userId": "6285233047094@s.whatsapp.net",
    "type": "credit",
    "amount": 5000,
    "description": "Topup manual by admin",
    "balance_after": 15000,
    "topupRequestId": null,
    "status": "completed",
    "created_at": "2025-11-27T01:02:41.963Z"
  },
  {
    "id": "TRX1764205520836WD94Z",
    "userId": "6285233047094@s.whatsapp.net",
    "type": "credit",
    "amount": 1000,
    "description": "Topup manual by admin",
    "balance_after": 16000,
    "topupRequestId": null,
    "status": "completed",
    "created_at": "2025-11-27T01:05:20.836Z"
  },
  {
    "id": "TRX1764205785106DGKSO",
    "userId": "6285233047094@s.whatsapp.net",
    "type": "credit",
    "amount": 5000,
    "description": "Topup manual by admin",
    "balance_after": 21000,
    "topupRequestId": null,
    "status": "completed",
    "created_at": "2025-11-27T01:09:45.106Z"
  },
  {
    "id": "TX1764213103572_1",
    "userId": "6285233047094@s.whatsapp.net",
    "type": "debit",
    "amount": 10000,
    "description": "Transfer saldo ke 6282291921583",
    "balance_before": 21000,
    "balance_after": 11000,
    "created_at": "2025-11-27T03:11:43.572Z"
  },
  {
    "id": "TX1764213103572_2",
    "userId": "6282291921583@s.whatsapp.net",
    "type": "credit",
    "amount": 10000,
    "description": "Transfer saldo dari 6285233047094",
    "balance_before": 0,
    "balance_after": 10000,
    "created_at": "2025-11-27T03:11:43.572Z"
  },
  {
    "id": "TX1764213488841_1",
    "userId": "6285233047094@s.whatsapp.net",
    "type": "debit",
    "amount": 1000,
    "description": "Transfer saldo ke 6282291921583",
    "balance_before": 11000,
    "balance_after": 10000,
    "created_at": "2025-11-27T03:18:08.841Z"
  },
  {
    "id": "TX1764213488841_2",
    "userId": "6282291921583@s.whatsapp.net",
    "type": "credit",
    "amount": 1000,
    "description": "Transfer saldo dari 6285233047094",
    "balance_before": 10000,
    "balance_after": 11000,
    "created_at": "2025-11-27T03:18:08.841Z"
  },
  {
    "id": "TRX1764829660024Q9JGN",
    "userId": "6285233047094@s.whatsapp.net",
    "type": "credit",
    "amount": 10000,
    "description": "Topup manual by admin",
    "balance_after": 20000,
    "topupRequestId": null,
    "status": "completed",
    "created_at": "2025-12-04T06:27:40.024Z"
  },
  {
    "id": "TRX1764830204142D21UG",
    "userId": "6285233047094@s.whatsapp.net",
    "type": "credit",
    "amount": 5000,
    "description": "Topup manual by admin",
    "balance_after": 25000,
    "topupRequestId": null,
    "status": "completed",
    "created_at": "2025-12-04T06:36:44.142Z"
  },
  {
    "id": "TRX1767178204755MNSNJ",
    "userId": "6285233047094@s.whatsapp.net",
    "type": "credit",
    "amount": 1000,
    "description": "Topup manual by admin",
    "balance_after": 26000,
    "topupRequestId": null,
    "status": "completed",
    "created_at": "2025-12-31T10:50:04.755Z"
  }
]