[
  {
    "id": "T-251022-4AG3",
    "userId": "6285604652630@s.whatsapp.net",
    "customerName": "RAF NET",
    "amount": 10000,
    "paymentMethod": "transfer",
    "agentId": null,
    "agentTransactionId": null,
    "paymentProof": "topup_T-251022-4AG3_1761115320380.jpg",
    "status": "verified",
    "verifiedBy": "admin",
    "verifiedAt": "2025-10-22T06:42:06.838Z",
    "notes": null,
    "created_at": "2025-10-22T06:41:55.537Z",
    "proofUploadedAt": "2025-10-22T06:42:00.382Z",
    "verificationNotes": "true"
  },
  {
    "id": "T-251022-7DND",
    "userId": "6285604652630@s.whatsapp.net",
    "customerName": "RAF NET",
    "amount": 10000,
    "paymentMethod": "transfer",
    "agentId": null,
    "agentTransactionId": null,
    "paymentProof": "topup_T-251022-7DND_1761115576811.jpg",
    "status": "verified",
    "verifiedBy": "admin",
    "verifiedAt": "2025-10-22T06:46:28.184Z",
    "notes": null,
    "created_at": "2025-10-22T06:46:11.083Z",
    "proofUploadedAt": "2025-10-22T06:46:16.813Z",
    "verificationNotes": "true"
  },
  {
    "id": "T-251022-RT47",
    "userId": "6285604652630@s.whatsapp.net",
    "customerName": "RAF NET",
    "amount": 15000,
    "paymentMethod": "transfer",
    "agentId": null,
    "agentTransactionId": null,
    "paymentProof": "topup_T-251022-RT47_1761115779494.jpg",
    "status": "verified",
    "verifiedBy": "admin",
    "verifiedAt": "2025-10-22T06:49:48.855Z",
    "notes": null,
    "created_at": "2025-10-22T06:49:37.011Z",
    "proofUploadedAt": "2025-10-22T06:49:39.496Z",
    "verificationNotes": "true"
  },
  {
    "id": "T-251022-3QEM",
    "userId": "6285604652630@s.whatsapp.net",
    "customerName": "RAF NET",
    "amount": 10000,
    "paymentMethod": "transfer",
    "agentId": null,
    "agentTransactionId": null,
    "paymentProof": "topup_T-251022-3QEM_1761116029979.jpg",
    "status": "verified",
    "verifiedBy": "admin",
    "verifiedAt": "2025-10-22T06:53:57.094Z",
    "notes": null,
    "created_at": "2025-10-22T06:53:46.862Z",
    "proofUploadedAt": "2025-10-22T06:53:49.980Z",
    "verificationNotes": "true"
  }
]