{
  "wifimenu": "👋 *Halo Kak ${pushname}!* 👋\n👋 *Selamat Datang di ${nama_wifi}!* 👋\n===================================\nHalo! Ada yang bisa kami bantu? Silakan pilih menu di bawah ini:\n\n🛠️ *MENU UTAMA*\n===================================\n  • *menuwifi* CommandCenter Anda! Lihat semua perintah dasar di sini.\n  • *menupelanggan* Khusus untuk Anda, Pelanggan Setia! Akses fitur pengelolaan WiFi Anda.\n  • *voucher* Penasaran harga voucher? Cek di sini!\n  • *pasang* Ingin pasang WiFi baru? Lihat info biayanya.\n  • *bulanan* Info lengkap biaya langganan bulanan.\n  • *tutorial* Bingung cara topup saldo voucher? Kami bantu!\n  • *ceksaldo* Cek sisa saldo voucher Anda.\n  • *admin* Butuh bantuan langsung? Hubungi Admin kami.\n  • *transfer* Bagi-bagi saldo ke teman? Bisa!\n    *Cara:* `transfer 628xxxx|jumlah`\n    *Contoh:* `transfer 6285233047094|10000`\n    *Penting:* Nomor tujuan *harus* diawali 62 (bukan 0).\n\n===================================\nℹ️ *CATATAN PENTING:*\nPunya pertanyaan atau butuh bantuan lebih lanjut? Jangan ragu untuk chat Admin kami:\n🔗 https://wa.me/6289685645956 (Klik untuk chat)\n\nTerima kasih telah menggunakan layanan ${nama_wifi}! 😊",
  "technicianmenu": "🛠️ *MENU TEKNISI ${nama_wifi}* 🛠️\n===================================\nAlat bantu untuk Teknisi Hebat!\n_(Contoh ID Pelanggan yang digunakan di bawah: 1)_\n\n  • *gantinama* 🏷️ Ubah nama WiFi (SSID) pelanggan.\n    *Format:* `gantinama [ID_Pelanggan] [NamaWiFiBaru]`\n    *Contoh:* `gantinama 1 WiFiPelangganOke`\n\n  • *gantisandi* 🔑 Atur ulang kata sandi WiFi pelanggan.\n    *Format:* `gantisandi [ID_Pelanggan] [PasswordBaru]`\n    *Contoh:* `gantisandi 1 SandiBaruMantap`\n    *Catatan:* Minimal 8 karakter (huruf & angka).\n\n  • *gantipower* 📶 Sesuaikan jangkauan sinyal modem pelanggan.\n    *Format:* `gantipower [ID_Pelanggan] [LevelDaya]`\n    *Contoh:* `gantipower 1 60`\n    *Catatan:* Pilihan daya: 100, 80, 60, 40, 20.\n\n  • *reboot* 🔄 Restart modem pelanggan.\n    *Format:* `reboot [ID_Pelanggan]`\n    *Contoh:* `reboot 1`\n\n  • *cekwifi* ℹ️ Dapatkan info modem pelanggan.\n    *Format:* `cekwifi [ID_Pelanggan]`\n    *Contoh:* `cekwifi 1`\n\n  • *monitorwifi* 🖥️ Pantau status semua modem.\n\n  • *selesaikantiket* ✅ Tandai laporan sebagai selesai.\n    *Format:* `selesaikantiket [ID_Tiket_Dari_Pelanggan]`\n    *Contoh:* `selesaikantiket ABC123XYZ`\n    *(ID Tiket didapatkan dari pelanggan setelah pekerjaan selesai)*\n\n===================================\nℹ️ *BANTUAN & KOORDINASI:*\nJika ada kendala atau butuh koordinasi, hubungi Admin/Koordinator:\n🔗 https://wa.me/6289685645956 (Klik untuk chat)\n\nSemangat bekerja, Tim Teknisi ${nama_bot}! 💪",
  "menubelivoucher": "🛒 *CARA MUDAH BELI & TOPUP VOUCHER ${nama_wifi}* 🛒\n=======================================\n\nIkuti langkah-langkah simpel ini untuk menikmati internet via voucher:\n\n1.  *Isi Saldo Dulu Yuk!* 💳\n    Transfer ke salah satu rekening berikut:\n    • *DANA:* 085233047094\n    • *ShopeePay:* 085233047094\n\n2.  *Kirim Bukti Transfernya!* 📸\n    Screenshot atau foto bukti pembayaran Anda, lalu kirim ke Admin kami melalui WhatsApp:\n    🔗 https://wa.me/6289685645956 (Klik untuk chat)\n\n3.  *Saldo Diproses Admin!* ⏳\n    Admin akan segera memverifikasi pembayaran Anda dan saldo akan otomatis bertambah ke akun Anda.\n\n4.  *Cek Saldo Anda!* 💰\n    Ketik perintah: `ceksaldo`\n    Pastikan saldo sudah masuk sebelum membeli voucher.\n\n5.  *Beli Vouchernya Sekarang!* 🚀\n    Jika saldo sudah terisi, ketik perintah:\n    `belivoucher [HargaVoucher]`\n    *Contoh:* `belivoucher 1000` (untuk voucher seharga 1000)\n    Kode voucher akan otomatis terkirim dan saldo Anda akan terpotong sesuai harga voucher.\n\n=====================================\n🤔 *MASIH BINGUNG?*\nJangan khawatir! Admin kami siap memandu Anda. Klik link di bawah untuk bertanya:\n🔗 https://wa.me/6289685645956\n\nSelamat berselancar dengan ${nama_bot}! 🌐",
  "menuvoucher": "🎟️ *PILIHAN VOUCHER INTERNET ${nama_wifi}* 🎟️\n=======================================\nNikmati internet cepat dan hemat dengan pilihan voucher kami!\n\n🕒 *VOUCHER 3 JAM:*\n   🔗 http://gg.gg/rafnet-3jam (Beli Sekarang!)\n\n🕙 *VOUCHER 10 JAM:*\n   🔗 http://gg.gg/rafnet-10jam (Beli Sekarang!)\n\n☀️ *VOUCHER 1 HARI:*\n   🔗 http://gg.gg/rafnet-1hari (Beli Sekarang!)\n\n🖐️ *VOUCHER 5 HARI:*\n   🔗 http://gg.gg/rafnet-5hari (Beli Sekarang!)\n\n🗓️ *VOUCHER 1 BULAN:*\n   🔗 http://gg.gg/rafnet-1bulan (Beli Sekarang!)\n\n---------------------------------------\n💳 *METODE PEMBAYARAN:*\nKami menerima pembayaran melalui:\n  • QRIS (Scan & Bayar)\n  • OVO\n  • ShopeePay\n  • DANA\n_(Pastikan Anda mengikuti instruksi pembayaran di link pembelian)_\n---------------------------------------\n\n=====================================\n❔ *ADA PERTANYAAN?*\nHubungi Admin kami jika Anda memerlukan bantuan atau informasi lebih lanjut:\n🔗 https://wa.me/6289685645956 (Klik untuk chat)\n\nHappy Browse bersama ${nama_bot}! 💻📱",
  "menupasang": "🎉 *PROMO SPESIAL PEMASANGAN WIFI ${nama_wifi}!* 🎉\n===================================\nNikmati koneksi internet stabil di rumah atau tempat usaha Anda dengan penawaran terbatas!\n\n  • *Registrasi WiFi Bulanan (Pascabayar):* *GRATIS!* 💸\n    *(Termasuk instalasi standar dan aktivasi layanan)*\n\n  • *Registrasi WiFi Voucher (Prabayar):* *GRATIS!* 💸\n    *(Termasuk instalasi standar untuk sistem voucher)*\n\n===================================\n📢 *CATATAN PENTING:*\n  - 🥳 *Promo biaya pemasangan GRATIS ini berlaku untuk periode terbatas dan dapat berubah sewaktu-waktu tanpa pemberitahuan terlebih dahulu.*\n  - Untuk detail lebih lanjut, konfirmasi promo, atau konsultasi, silakan hubungi Admin.\n\n===================================\n💬 *JANGAN LEWATKAN PROMO INI! PASANG SEKARANG ATAU TANYA-TANYA DULU?*\nAdmin kami siap membantu Anda! Klik link di bawah:\n🔗 https://wa.me/6289685645956\n\nDapatkan koneksi internet andal bersama ${nama_wifi} tanpa biaya pasang! 🏡🏢",
  "menupaket": "📶 *PILIHAN PAKET INTERNET BULANAN ${nama_wifi}* 📶\n===================================\nNikmati koneksi internet super stabil dengan kecepatan simetris 1:1 untuk semua kebutuhan online Anda!\n\n${packageList}\n\n===================================\n📢 *KEUNGGULAN & INFORMASI PAKET KAMI:*\n  - ⚖️ *Bandwidth Simetris 1:1:* Kecepatan Upload dan Download Anda sama besar! Ini berarti aktivitas dua arah seperti video call, upload file, dan gaming online menjadi jauh lebih lancar dan responsif.\n  - *Manfaat Utama Simetris:*\n    ⬆️ *Upload Cepat & Stabil:* Sangat ideal untuk panggilan video berkualitas tinggi (Zoom, Google Meet), backup data ke cloud tanpa menunggu lama, mengirim file berukuran besar dengan cepat, live streaming bagi content creator, dan memantau CCTV online dengan jelas.\n    🔄 *Performa Konsisten:* Nikmati koneksi yang stabil dan handal, bahkan saat banyak perangkat digunakan secara bersamaan untuk berbagai aktivitas.\n    🎮 *Gaming & Streaming Lebih Unggul:* Latensi yang lebih rendah dan koneksi yang lebih stabil memberikan pengalaman terbaik untuk para gamer dan streamer.\n  - Harga paket di atas dapat berubah sewaktu-waktu.\n\n===================================\n💡 *INGIN BERLANGGANAN ATAU INFO DETAIL LAINNYA?*\nTim kami siap membantu Anda memilih paket yang paling sesuai dengan kebutuhan Anda!\n🔗 https://wa.me/6289685645956 (Klik untuk chat Admin)\n\nRasakan bedanya internet simetris, aktivitas online makin powerful bersama ${nama_wifi}! 🚀",
  "menuowner": "👑 *MENU KHUSUS OWNER ${nama_wifi}* 👑\n====================================================\nPanel kontrol penuh untuk mengelola jaringan Anda!\n\n*MANAJEMEN PROFIL STATIK (BINDING):*\n====================================================\n1.  *Tambah Profil Statik Baru*\n    *Format:* `addprofstatik [NamaProfil]|[LimitAt]|[MaxLimit]`\n    *Contoh:* `addprofstatik 2Mbps|768k/1536k|1M/2M`\n\n2.  *Hapus Profil Statik*\n    *Format:* `delprofstatik [NamaProfil]`\n    *Contoh:* `delprofstatik 2Mbps`\n\n3.  *Tambah IP Binding Pelanggan*\n    *Format:* `addbinding [Komentar]|[IP_Address]|[MAC_Address]|[NamaProfilBinding]`\n    *Contoh:* `addbinding Client_Andi|192.168.111.123|00:02:03:04:05:06|2Mbps`\n\n4.  *Lihat Daftar Profil Statik*\n    *Perintah:* `listprofstatik`\n\n*MANAJEMEN PPPoE:*\n====================================================\n5.  *Tambah User PPPoE Baru*\n    *Format:* `addppp [Username]|[Password]|[ProfilMikrotik]`\n    *Contoh:* `addppp PelangganBaru|Pass123|Paket-2Mbps`\n\n6.  *Lihat User PPPoE Aktif*\n    *Perintah:* `/ppp print` (atau sesuaikan dengan perintah Mikrotik Anda)\n\n*MONITORING & UTILITAS:*\n====================================================\n7.  *Lihat Status Netwatch*\n    *Perintah:* `/netwatch print` (atau sesuaikan)\n\n*MANAJEMEN PROFIL VOUCHER:*\n====================================================\n8.  *Lihat Daftar Profil Voucher*\n    *Perintah:* `listprofvoucher`\n\n9.  *Tambah Profil Voucher Baru*\n    *Format:* `addprofvoucher [NamaProfilMikrotik]|[NamaVcrTampil]|[DurasiVcr]|[HargaVcr]`\n    *Contoh:* `addprofvoucher Pkt-2Jam|Voucher 2 Jam|2 Jam|1000`\n\n10. *Hapus Profil Voucher*\n    *Format:* `delprofvoucher [NamaProfilMikrotik]`\n    *Contoh:* `delprofvoucher Pkt-2Jam`\n\n*MANAJEMEN SALDO PENGGUNA (VOUCHER):*\n====================================================\n11. *Topup Saldo Pengguna*\n    *Format:* `<topup [NoTujuan62]|[JumlahSaldo]`\n    *Contoh:* `<topup 6285233047094|10000`\n    *Penting:* Nomor *harus* diawali 62.\n\n12. *Hapus Saldo Pengguna*\n    *Format:* `<delsaldo [NoTujuan62]`\n    *Contoh:* `<delsaldo 6285233047094`\n    *Penting:* Nomor *harus* diawali 62.\n\n13. *Cek Saldo Semua Pengguna*\n    *Perintah:* `allsaldo`\n====================================================\n${nama_bot} siap melayani! Jika ada perintah lain yang dibutuhkan, mari diskusikan."
}