[
  {
    "id": "wifi_log_1762413214400_wao6gjzfj",
    "timestamp": "2025-11-06T07:13:34.400Z",
    "userId": 1,
    "deviceId": "00259E-HG8145V5-4857544351D6F7AB",
    "customerName": "Test User",
    "customerPhone": "N/A",
    "changeType": "ssid_name",
    "changes": {
      "oldSsidName": "Multiple SSIDs",
      "newSsidName": "SSID 1: \"1\" → \"TES\"; SSID 5: \"P\" → \"TES\""
    },
    "changedBy": "teknisi",
    "changeSource": "web_admin",
    "reason": "Tidak ada keterangan",
    "notes": "",
    "ipAddress": "::1",
    "userAgent": "Mozilla/5.0 (Windows NT 10.0; Win64; x64) AppleWebKit/537.36 (KHTML, like Gecko) Chrome/142.0.0.0 Safari/537.36"
  },
  {
    "id": "wifi_log_1762764597868_ay0jt21ix",
    "timestamp": "2025-11-10T08:49:57.868Z",
    "userId": 1,
    "deviceId": "00259E-HG8145V5-4857544351D6F7AB",
    "customerName": "dawdwd",
    "customerPhone": "6285322564655",
    "changeType": "password",
    "changes": {
      "oldPassword": "[Previous]",
      "newPassword": "Cuma 1 ini om",
      "ssidId": "1",
      "passwordChanged": true
    },
    "changedBy": "customer",
    "changeSource": "wa_bot",
    "reason": "WiFi password change via WhatsApp Bot (SSID 1)",
    "notes": "Password changed for SSID 1",
    "ipAddress": "WhatsApp",
    "userAgent": "WhatsApp Bot"
  },
  {
    "id": "wifi_log_1762765681550_qycnrcfl5",
    "timestamp": "2025-11-10T09:08:01.550Z",
    "userId": 1,
    "deviceId": "00259E-HG8145V5-4857544351D6F7AB",
    "customerName": "dawdwd",
    "customerPhone": "191766129074416@lid",
    "changeType": "password",
    "changes": {
      "newPassword": "TEST12SR",
      "passwordChanged": true
    },
    "changedBy": "customer",
    "changeSource": "wa_bot",
    "reason": "Perubahan password WiFi melalui WhatsApp Bot (bulk_auto)",
    "notes": "Mengubah password untuk 2 SSID",
    "ipAddress": "N/A",
    "userAgent": "N/A"
  },
  {
    "id": "wifi_log_1763892489805_uh8klxeht",
    "timestamp": "2025-11-23T10:08:09.805Z",
    "userId": "1",
    "deviceId": "D49E02-RAFNETNV3a-EQFLH7U22977",
    "customerName": "Rafli Aldi",
    "customerPhone": "085233047094",
    "changeType": "both",
    "changes": {
      "oldSsidName": null,
      "newSsidName": "HOLA",
      "oldPassword": null,
      "newPassword": "12345678",
      "passwordChanged": true,
      "ssidNameChanged": true
    },
    "changedBy": "teknisi",
    "changeSource": "web_technician",
    "reason": "PSB Setup - Konfigurasi WiFi awal pelanggan",
    "notes": "PSB Phase 3 setup. Paket: 3. LEGEND Up To 50 Mbps",
    "ipAddress": "::1",
    "userAgent": "Mozilla/5.0 (Windows NT 10.0; Win64; x64) AppleWebKit/537.36 (KHTML, like Gecko) Chrome/142.0.0.0 Safari/537.36"
  },
  {
    "id": "wifi_log_1763894808702_pc64b4jzf",
    "timestamp": "2025-11-23T10:46:48.702Z",
    "userId": "1",
    "deviceId": "D49E02-RAFNETNV3a-EQFLH7U22977",
    "customerName": "tes",
    "customerPhone": "085233047094",
    "changeType": "both",
    "changes": {
      "oldSsidName": null,
      "newSsidName": "PEEE",
      "oldPassword": null,
      "newPassword": "12345678",
      "passwordChanged": true,
      "ssidNameChanged": true
    },
    "changedBy": "teknisi",
    "changeSource": "web_technician",
    "reason": "PSB Setup - Konfigurasi WiFi awal pelanggan",
    "notes": "PSB Phase 3 setup. Paket: Paket-10Mbps",
    "ipAddress": "::1",
    "userAgent": "Mozilla/5.0 (Windows NT 10.0; Win64; x64) AppleWebKit/537.36 (KHTML, like Gecko) Chrome/142.0.0.0 Safari/537.36"
  },
  {
    "id": "wifi_log_1763895663010_nhclmayb2",
    "timestamp": "2025-11-23T11:01:03.010Z",
    "userId": "1",
    "deviceId": "D49E02-RAFNETNV3a-EQFLH7U22977",
    "customerName": "Rafli",
    "customerPhone": "085233047094",
    "changeType": "both",
    "changes": {
      "oldSsidName": null,
      "newSsidName": "PEH",
      "oldPassword": null,
      "newPassword": "12345678",
      "passwordChanged": true,
      "ssidNameChanged": true
    },
    "changedBy": "teknisi",
    "changeSource": "web_technician",
    "reason": "PSB Setup - Konfigurasi WiFi awal pelanggan",
    "notes": "PSB Phase 3 setup. Paket: Paket-10Mbps",
    "ipAddress": "::1",
    "userAgent": "Mozilla/5.0 (Windows NT 10.0; Win64; x64) AppleWebKit/537.36 (KHTML, like Gecko) Chrome/142.0.0.0 Safari/537.36"
  },
  {
    "id": "wifi_log_1767286910716_dswjbr6wp",
    "timestamp": "2026-01-01T17:01:50.716Z",
    "userId": "1",
    "deviceId": "D49E02-RAFNETNV3a-EQFLH7U22977",
    "customerName": "Rafli tes",
    "customerPhone": "085233047094",
    "changeType": "both",
    "changes": {
      "oldSsidName": "PEH",
      "newSsidName": "TES 123",
      "oldPassword": null,
      "newPassword": "12345678",
      "passwordChanged": true,
      "ssidNameChanged": true,
      "ssidId": 3
    },
    "changedBy": "teknisi",
    "changeSource": "web_technician",
    "reason": "PSB Setup - Konfigurasi WiFi awal pelanggan",
    "notes": "PSB Phase 3 setup. Paket: Paket-10Mbps",
    "ipAddress": "::1",
    "userAgent": "Mozilla/5.0 (Windows NT 10.0; Win64; x64) AppleWebKit/537.36 (KHTML, like Gecko) Chrome/143.0.0.0 Safari/537.36"
  }
]