{"version":23,"hash":{"type":"Buffer","data":"v/IPJ/IoNc3Z0l5IF1ngij+yY5SuzbwR6ijmvazEOmKdRLNlDaP0qz7XT36m2uibPnM+NRutr6LVdq+mqtxllXmDlx+UJRTCuEAZPUL/lyNfWfl92t+zQOqKw11PGcnPnD8DdAlaU/s5h1ImhFVChNv/UyaIOYwcy9NFP5MgHOE="},"indexValueMap":{"Bg8IaY1q9tUmfl5tXqXCYZmFGUrlrnHTAtjkewUfBmM=":{"valueMac":{"type":"Buffer","data":"44rRcxOzTqXsFo+X7WJn/wlaar1N0t5ZFLg/VPnVm4Y="}},"DQIAQbtcZb16win2ylrWZR0OGw/WR11XYAB9x26ez7I=":{"valueMac":{"type":"Buffer","data":"pDBGJ3MDriwzQuTfrf8QhyA3xGNUrlVUpc8I2pQZzwM="}},"Dbdhb4fWYpznTJknOLYgt+BuqZGI4frS+rcDBVfswOU=":{"valueMac":{"type":"Buffer","data":"TBJc48OBbrY2JHYgLMXsOkXA4Re5n56qp5rgg8HQ4Hg="}},"JGAqNGXuAk2sa1LIWPkKSiVbZ06jMgIPmmPfSndNAy8=":{"valueMac":{"type":"Buffer","data":"E6wAEzJJSYMTCXbapTxs9ui27RwDyYsCCv56Zqe43dU="}},"LfBgWbnCtTaHWEG1Z3sTF5YqKebt+UFaDhOjqtXiCws=":{"valueMac":{"type":"Buffer","data":"RLeX7ix0XLq8ICs28IVGrqyJFAK7+hjOXCchQRXZh44="}},"L2ABqCAgmIj/c1QWfcV09UMpONGd/4XQmYrw/v6hpjw=":{"valueMac":{"type":"Buffer","data":"EpojSzkQiNVO5pI19qVuQbUsjL0vwyG/XmBV2eVL+Vg="}},"NVvCm3LkQOkPknkJzaCftWwyjtqFphGdUy5uWScfT8g=":{"valueMac":{"type":"Buffer","data":"pGaMB9dgTDuuHmxP8Nqg7ffzwlN4SkV2YQOyry6L/LU="}},"Nfz3a9ZH5hbhm/390bv5SFITiQg1q7xtJcPkM843bK4=":{"valueMac":{"type":"Buffer","data":"T3O/DNCsFC7YLsmn71DZCbRssgbB6aGhzY8kQp6Fg9I="}},"XiBsSbdHyh9ZWtCR5MiDJJP4YU8kFyYhizumnJ3c+Ko=":{"valueMac":{"type":"Buffer","data":"g1qJreEbNkiN1I5RN+HLl0PiiWWCi0eJbC0ro5enPvs="}},"YIcyRNKuFEFEo477HOZiKMvi6aVW1gLL8Q3G88VQnBw=":{"valueMac":{"type":"Buffer","data":"gN4lmNMIJCkvKzbDpOSduTY7V8FZuJvN7kQAx61hiRs="}},"bVN35tMli4V9TiEgL6hK+YhHZTi4ffPtkJRHOYJeRQU=":{"valueMac":{"type":"Buffer","data":"KPc7nyQmiLzhUrXaYMMCA5QHz+y0sMyaJ9BraARGxU8="}},"l90qBgIUIhjbBXvDZ59VOh5LKqzyz9GV+oN6Hvsr8OQ=":{"valueMac":{"type":"Buffer","data":"QldC2L694G08ARH2O6PIjf30Jvu2hHBH5K+Bt3mHByg="}},"mFK7Gv5WDoHRKLsILDAz1EqpOxrtyesWsnIIPXMlnzc=":{"valueMac":{"type":"Buffer","data":"E2BRbPDvQ4e5BrSFrkqQc7jbhNhDpFqWYX1v+WWzq88="}},"mFlzPRsjRCpm3CzL/dKIaVUt7r2MUPDMCa/vz0sKq90=":{"valueMac":{"type":"Buffer","data":"anLtGszHipVgY2A2gg143Te1+n0k91MTRkCoedVpKWo="}},"nI7TrWUCibT/fUgfD7c4FlWWhjriDej30SlcVMfKDko=":{"valueMac":{"type":"Buffer","data":"ae6aCWCvQDBtxKg71z4mfQSqaKH+begYDbfXY/YPPdg="}},"n6Cum2h1DwUadSNxB7Rv3VKOwytSfN4bS9JUpyCRX2E=":{"valueMac":{"type":"Buffer","data":"6u/H/fTAskGQ55sK0K8972QDkM+W68eB26gj5mkabhY="}},"oRWGJhvmYslus2tfLRV7iDvxAMJHfWugIEV8azdTB04=":{"valueMac":{"type":"Buffer","data":"K1b55K/enDq/UBVwqSysLLFK5XGXrNoja+hhcdgthXk="}},"qB4sm+mTc9Otc48sZV3SOOBJHCGatT5hrlF14g+PGS0=":{"valueMac":{"type":"Buffer","data":"MOY0hSX1t0zXsePymKsBrCuvlpddyTfj2tZDatEvBFU="}},"wzIVLWrIAiVq340RNcqkG9+FvRni7kn9RtomWIcs9Hk=":{"valueMac":{"type":"Buffer","data":"Jw7eZpHfRUzqFiihG/+M55mIujwip34OAEp/54quQuY="}},"3Gm5N7l2zwwk1AsRrUfTpUCz7sSA9N7eCBRwc9hyC5E=":{"valueMac":{"type":"Buffer","data":"dYUwfEF7U/Sc2dQ39RVld+UOjMNS1lEk5fGxHuCZNnU="}},"4HzXjryTOAUML00Lzoz7Hdk+adptXhZJsWAWht+VjS4=":{"valueMac":{"type":"Buffer","data":"54yKpiPwZfqZOyAfowQMxzLR9lDKzx/gqUSKBTa3mRM="}},"5UcKiofTEV6WMqY4Xl/YNwSiRLTsGFQYIpz9II9zols=":{"valueMac":{"type":"Buffer","data":"oX/ebwIl2cF0sJSyj949dr+4d2vWjkJ+db0gr4Bh6Ww="}},"8DEingLG40WV/BMGOGsr3peBNGsFvRRT5VAheds+PSA=":{"valueMac":{"type":"Buffer","data":"N0xNRcoRW68ZZdONEttfEcTxzsNqi7WwtHzcAC9RpZU="}},"VlsEANyhtn7G28VOKYh2jiXn4Bv6rEur6Yd6re/AiKk=":{"valueMac":{"type":"Buffer","data":"HIRoL+ZXyeyOEr0h3bGapqJ3R/SLFMpvjZYZjX8MKYA="}},"LCsiFV0wZS+FRw7qwd85sRNLSZBxNUEBaKaqb0K7Ew4=":{"valueMac":{"type":"Buffer","data":"cEJCKe1caokz4wl8vdD4le6QynrEtOecuTVw6N1CPZI="}}}}