{"noiseKey":{"private":{"type":"Buffer","data":"6Fvyj10d60E62peZnVFrBpTM8qwBmOQWVRHC88kUa28="},"public":{"type":"Buffer","data":"Ufi51qqfJqdlfkcMLYD0XKeR35KtIRDYCJj6z3VVnQQ="}},"pairingEphemeralKeyPair":{"private":{"type":"Buffer","data":"uB63arGh68NsnIJkdqHUIUx148piVb8+3cakFP+LX20="},"public":{"type":"Buffer","data":"HLjkUmzZx/gylv+uyhjovpEM4/8waRXzDi6e+fLesyc="}},"signedIdentityKey":{"private":{"type":"Buffer","data":"4Er1YZqg3FX1zBEZ2baVPx/BQe9ec6m4SLCg/lWoSWc="},"public":{"type":"Buffer","data":"0kqpfz6VBdBLIv7D2zkdm/i4uYcgC65pRXJqxyrZvDE="}},"signedPreKey":{"keyPair":{"private":{"type":"Buffer","data":"iCnaXGnjD0rD3ohS2Iln3l3BZo4C8B/eF04TV3sNO2I="},"public":{"type":"Buffer","data":"O+1qQZV3pw/6H3jRDv9gV/JwWihRLnumuTIBv+bhZBo="}},"signature":{"type":"Buffer","data":"xfExIVzyWhjTpE4OBryD3N3rj15NYSfjLaCPQ7gJYQdNpOSKV5244Fw/fxF97Lv/hKMuf3m8ucCZCw+ajFRvgw=="},"keyId":1},"registrationId":187,"advSecretKey":"cLQdJGvWXhOQjmr9/6AF01Wy6GIXPwJ4pHlspYu9jRI=","processedHistoryMessages":[],"nextPreKeyId":31,"firstUnuploadedPreKeyId":31,"accountSyncCounter":0,"accountSettings":{"unarchiveChats":false},"registered":false,"account":{"details":"COjf6OQBEIi4vcgGGAcgACgA","accountSignatureKey":"UEHuvkMAycKTnE8PjnH2/PRDR5YKF5iGqTCfwhd5PTo=","accountSignature":"XOapH7M3qRd46HdnTCfkNrxU3k3Vx/I/wFc5Cbm3rHup/+ZPAY9gqsYuqGmfIWF/BNEHjLPgQghvBYEdbDE+AQ==","deviceSignature":"9LwjG6PX2Ho3ON5rpUv1CijCdHS/G0H6mbtENZGHJerV8ciwedHL1nijOcEWVLadQYgGstznIorY4O90HEuPgg=="},"me":{"id":"6287787262847:12@s.whatsapp.net","name":"TES BOT","lid":"258591994998824:12@lid"},"signalIdentities":[{"identifier":{"name":"6287787262847:12@s.whatsapp.net","deviceId":0},"identifierKey":{"type":"Buffer","data":"BVBB7r5DAMnCk5xPD45x9vz0Q0eWCheYhqkwn8IXeT06"}}],"platform":"smba","routingInfo":{"type":"Buffer","data":"CAIIDQgI"},"lastAccountSyncTimestamp":1762615330,"lastPropHash":"3R9Z39","myAppStateKeyId":"AAcAAI87"}