{"_sessions":{"Bdw+u7nzDtfQezQRijPECz4D1lSgoO1tQhIfIbx8rF1W":{"registrationId":1804195903,"currentRatchet":{"ephemeralKeyPair":{"pubKey":"BfEsdFSd3cjYgL/yA3xug72KqxblxX4OrNPD1vpCAU8A","privKey":"GLDiit8VoYOgAdCHbi3TP7HjSfccra+TsqSETREgpF4="},"lastRemoteEphemeralKey":"BRUNOKnuNObm+vOSNL/oIrE9VRAzhiJuBRkRWA7j2LQI","previousCounter":0,"rootKey":"90QICWeY/eRSDgkb4SJr/2JnK9OJUSITvraXZfahEUM="},"indexInfo":{"baseKey":"Bdw+u7nzDtfQezQRijPECz4D1lSgoO1tQhIfIbx8rF1W","baseKeyType":1,"closed":-1,"used":1762614384729,"created":1762614384729,"remoteIdentityKey":"BQsINti9mNu5icJ7R2DCpFiIHeR6Ox2eJnlJ6S2Eoh8L"},"_chains":{"BfEsdFSd3cjYgL/yA3xug72KqxblxX4OrNPD1vpCAU8A":{"chainKey":{"counter":20,"key":"il9AaWeDLmLypSh0ZXmGqpnaZaZR+3EeqTCJdA4fAqg="},"chainType":1,"messageKeys":{}}},"pendingPreKey":{"signedKeyId":8,"baseKey":"Bdw+u7nzDtfQezQRijPECz4D1lSgoO1tQhIfIbx8rF1W","preKeyId":7204544}}},"version":"v1"}