{"_sessions":{"BSjmg/QaVViYLXRM1LCmgVM6rBna6k/TGr3TC7tQ5R8n":{"registrationId":193,"currentRatchet":{"ephemeralKeyPair":{"pubKey":"BY9IzJryGFrVxpLj+V2Y54kn+iNRZ8fx8gNz9lHFTdUg","privKey":"uIJTW3DG9ViZ8RltyM18TMTlfVZOWbaYkE9fxYdqQlc="},"lastRemoteEphemeralKey":"BYJUSwYDC9ck+ezGujJDJLsJAtRD2yFVTmNt/xxERA5t","previousCounter":0,"rootKey":"bZ7Mz+86ZiO8D5aU5QozO+4Z3Ff2EHHQ6K7RLPLZ3pU="},"indexInfo":{"baseKey":"BSjmg/QaVViYLXRM1LCmgVM6rBna6k/TGr3TC7tQ5R8n","baseKeyType":1,"closed":-1,"used":1762614383515,"created":1762614383515,"remoteIdentityKey":"BQTTaB6UD7ItyIHdsMFmBS8DtWTzzXn5g9Tt440kG5xJ"},"_chains":{"BY9IzJryGFrVxpLj+V2Y54kn+iNRZ8fx8gNz9lHFTdUg":{"chainKey":{"counter":53,"key":"xXtuhyDVRsFCMpIGD3PgkhWqhQKtkNmHlOhaqKKPUYQ="},"chainType":1,"messageKeys":{}}},"pendingPreKey":{"signedKeyId":1,"baseKey":"BSjmg/QaVViYLXRM1LCmgVM6rBna6k/TGr3TC7tQ5R8n","preKeyId":48}}},"version":"v1"}