{"_sessions":{"BbiuOaHoicFza8AjuY2wRpVcZw3gagkA6Zy2hTcg1xVC":{"registrationId":576089410,"currentRatchet":{"ephemeralKeyPair":{"pubKey":"BTFdX/SxrU/8ElD3MRKKKdZx8La8AnxqCTvl9aESKDgl","privKey":"oN0Ow9EALEKSufFNBQmRqY0Ax/KpR2gU61/B6BLe90E="},"lastRemoteEphemeralKey":"BSR4/kgVdGRuJDaMGZgzd8iPijGwf7lFUNUwkXR2bPsf","previousCounter":0,"rootKey":"k4gG1NSclePDO/oWlhEXrNliXP9nycSUukSItT51Hf0="},"indexInfo":{"baseKey":"BbiuOaHoicFza8AjuY2wRpVcZw3gagkA6Zy2hTcg1xVC","baseKeyType":1,"closed":-1,"used":1762614309020,"created":1762614309020,"remoteIdentityKey":"BVBB7r5DAMnCk5xPD45x9vz0Q0eWCheYhqkwn8IXeT06"},"_chains":{"BTFdX/SxrU/8ElD3MRKKKdZx8La8AnxqCTvl9aESKDgl":{"chainKey":{"counter":1,"key":"Fwdtc9TN8iiyetwPzVQ6LUaCHDE5wMQoY3Tttu5fhaM="},"chainType":1,"messageKeys":{}}},"pendingPreKey":{"signedKeyId":16,"baseKey":"BbiuOaHoicFza8AjuY2wRpVcZw3gagkA6Zy2hTcg1xVC","preKeyId":10545068}}},"version":"v1"}