{"_sessions":{"BejFT722rRx3TfXoNnG/wCxPQkUbWid/aRkGP6z+bbsa":{"registrationId":1953694444,"currentRatchet":{"ephemeralKeyPair":{"pubKey":"BYW3hV2QAtoHQTXaKVs7k5un4G/kSmGM9GtEWOziJAY5","privKey":"iI4HJZpoIwcrWK9uG6HsK9VPhfGWKZNrQUNph2fMlE4="},"lastRemoteEphemeralKey":"Ba6enq7FlfUxY4p8ABBqoCA7oL0NaqssuY23HUta6zRT","previousCounter":0,"rootKey":"AlGOqcT+vpnqVoHo3FOHtzS3yNdxkBO+mOhPH7ihQdk="},"indexInfo":{"baseKey":"BejFT722rRx3TfXoNnG/wCxPQkUbWid/aRkGP6z+bbsa","baseKeyType":1,"closed":-1,"used":1762682765683,"created":1762682765683,"remoteIdentityKey":"BYAAMFPvpsW/+19GUiUmRzhrmp9rBwo7EnEO2iewZTQ1"},"_chains":{"BYW3hV2QAtoHQTXaKVs7k5un4G/kSmGM9GtEWOziJAY5":{"chainKey":{"counter":1,"key":"8bA7epnkh7+L9ylGG59vg0FZuMc72tmh+ip3mINy2lI="},"chainType":1,"messageKeys":{}}},"pendingPreKey":{"signedKeyId":13,"baseKey":"BejFT722rRx3TfXoNnG/wCxPQkUbWid/aRkGP6z+bbsa","preKeyId":3463651}}},"version":"v1"}