{"_sessions":{"BVcILY8OKvdskvTbPDuZljw3K+z7+k7o/vpitYcS52IS":{"registrationId":1398378854,"currentRatchet":{"ephemeralKeyPair":{"pubKey":"BSaGAEIP9XFkQtQV+DGCTR2/ryYLuBhWPNsqM1pBqGYA","privKey":"qL3ILrqYa5JyG3cLr6mRTzwI8ia/sdj1g2PTSGKwsHQ="},"lastRemoteEphemeralKey":"BU/1xV0GWtDnMpUs6SMsNvZl+x50jV5tBLDN5xBE618H","previousCounter":0,"rootKey":"E7bK0q5jeoBWWNY3xgSHhYakAo1oRsik+fpmrbHQqMo="},"indexInfo":{"baseKey":"BVcILY8OKvdskvTbPDuZljw3K+z7+k7o/vpitYcS52IS","baseKeyType":1,"closed":-1,"used":1762614383505,"created":1762614383505,"remoteIdentityKey":"BZm+VPF6dMqZNmu5+o0OGp2kqHbHPGZJ61lxuLM9A1JN"},"_chains":{"BSaGAEIP9XFkQtQV+DGCTR2/ryYLuBhWPNsqM1pBqGYA":{"chainKey":{"counter":53,"key":"ZfACLwDqKaz8QKDZufm4R6fQV3xvX7vii5pOX677a+M="},"chainType":1,"messageKeys":{}}},"pendingPreKey":{"signedKeyId":2,"baseKey":"BVcILY8OKvdskvTbPDuZljw3K+z7+k7o/vpitYcS52IS","preKeyId":5529135}}},"version":"v1"}