{"_sessions":{"Befr7zqiDTGKrS2060GVKqc9oA1DOQH8fuu71Koh+9Jc":{"registrationId":153,"currentRatchet":{"ephemeralKeyPair":{"pubKey":"BZu7t/U2buDgDUK7Po9/VXrPgkOochuGKsoARIp/KEhJ","privKey":"eN1rOf2BEmDf7viBqBcQMHMDf2GnXQ/ATufwQU7a5kc="},"lastRemoteEphemeralKey":"BUoLiWyF+ZTcxOaHsMiV4OfNuZZ65bzmFsplobZS7hEH","previousCounter":0,"rootKey":"8Wnndh8Zq7TEuurycsdCIDx+TCH628VQV4iw1iK0f1c="},"indexInfo":{"baseKey":"Befr7zqiDTGKrS2060GVKqc9oA1DOQH8fuu71Koh+9Jc","baseKeyType":1,"closed":-1,"used":1762614385436,"created":1762614385436,"remoteIdentityKey":"BezyEzIPq8y4WtPaWDG0g/t4gPa+9g/1JtzT8iH1m68o"},"_chains":{"BZu7t/U2buDgDUK7Po9/VXrPgkOochuGKsoARIp/KEhJ":{"chainKey":{"counter":9,"key":"R12+7wjkoYvJ0D7c0yhXad9u6zoZbaYsXkNs/RGiBNE="},"chainType":1,"messageKeys":{}}},"pendingPreKey":{"signedKeyId":1,"baseKey":"Befr7zqiDTGKrS2060GVKqc9oA1DOQH8fuu71Koh+9Jc","preKeyId":361}}},"version":"v1"}