{"_sessions":{"BSJUApW6tcP5e0/L5ZBWz3wag0SE3pxd2dtaxDR2KEEJ":{"registrationId":1743043675,"currentRatchet":{"ephemeralKeyPair":{"pubKey":"BWJhmxR+BXnq+nWgiRK7OY1t/GvQxF2Xt8njTkeqfhI+","privKey":"6PynfRf1iCR6T0ESV54xbx4PgeYwOMba8+0c69Tuh0U="},"lastRemoteEphemeralKey":"Be9aLOwtVgNh9ap6pVQB+AhFwAWfSoGSvoDxtDYrmqE0","previousCounter":0,"rootKey":"7WU7RckFxyDqrjVI2kqJ7zr/hEb/p4f0L31/0z54RJY="},"indexInfo":{"baseKey":"BSJUApW6tcP5e0/L5ZBWz3wag0SE3pxd2dtaxDR2KEEJ","baseKeyType":1,"closed":-1,"used":1762614385445,"created":1762614385445,"remoteIdentityKey":"BWOU1cQd0lZs0GeOjS8vlXBVDSDXRioFM1xPtDFcmWsL"},"_chains":{"BWJhmxR+BXnq+nWgiRK7OY1t/GvQxF2Xt8njTkeqfhI+":{"chainKey":{"counter":9,"key":"4leChbyw88mWbI7rJfsIWghcfOesGFMAPEA3hxDyJr0="},"chainType":1,"messageKeys":{}}},"pendingPreKey":{"signedKeyId":4203825,"baseKey":"BSJUApW6tcP5e0/L5ZBWz3wag0SE3pxd2dtaxDR2KEEJ","preKeyId":16577380}}},"version":"v1"}