{"_sessions":{"BQs4MBDbv82bFVDZ6uK2CYudAdGfmML/fxL9msuHInEY":{"registrationId":288523625,"currentRatchet":{"ephemeralKeyPair":{"pubKey":"BdgkYSIpmUYWQTFCZvHVIYtFOk0XEiZWnFNh+Yvk61hb","privKey":"4LclnQlNBNlEjeKyEi5RnYeUzlKY7IbkiPJR48MiM3c="},"lastRemoteEphemeralKey":"BVzfKlRp9ly/hMfKtxbqrVHLyfA64GcoVeNpz6yqXYII","previousCounter":0,"rootKey":"sx3xgqxg5BOkTvijid1Ya8/Q7Z0D47+bmavt5evqmig="},"indexInfo":{"baseKey":"BQs4MBDbv82bFVDZ6uK2CYudAdGfmML/fxL9msuHInEY","baseKeyType":1,"closed":-1,"used":1762614385453,"created":1762614385453,"remoteIdentityKey":"BRJWs29ucJyTBmzvN2zXJ5+QsUzGLFcvh3pYNu5e1s9/"},"_chains":{"BdgkYSIpmUYWQTFCZvHVIYtFOk0XEiZWnFNh+Yvk61hb":{"chainKey":{"counter":9,"key":"f97IX7PB0TTk/kvircJyiJLv7YIex7Ewkn2+ks99BbA="},"chainType":1,"messageKeys":{}}},"pendingPreKey":{"signedKeyId":45,"baseKey":"BQs4MBDbv82bFVDZ6uK2CYudAdGfmML/fxL9msuHInEY","preKeyId":10674602}}},"version":"v1"}