{"_sessions":{"Bdyo2eRC3uH0Xk6Z4zWYKbAwypofIIfiGbVmg1MFK4FM":{"registrationId":193,"currentRatchet":{"ephemeralKeyPair":{"pubKey":"BVuYq48wme7OvCbo0BS7zb07Jhere7Cb2REFsRbA2fJJ","privKey":"OO3XE9pfgRuNgNfxYIVcB/OWwDAiH+qzxq/Y/vCyyns="},"lastRemoteEphemeralKey":"BYJUSwYDC9ck+ezGujJDJLsJAtRD2yFVTmNt/xxERA5t","previousCounter":0,"rootKey":"4YEQPpdBVZQ1vs3T9T5SyBcoJrUR8Q7vNTy9rCb4baI="},"indexInfo":{"baseKey":"Bdyo2eRC3uH0Xk6Z4zWYKbAwypofIIfiGbVmg1MFK4FM","baseKeyType":1,"closed":-1,"used":1762614309049,"created":1762614309049,"remoteIdentityKey":"BQTTaB6UD7ItyIHdsMFmBS8DtWTzzXn5g9Tt440kG5xJ"},"_chains":{"BVuYq48wme7OvCbo0BS7zb07Jhere7Cb2REFsRbA2fJJ":{"chainKey":{"counter":1,"key":"rQJBus87jk0iFdKVIkCuKO2NEsktC5QnApOAks/JWqU="},"chainType":1,"messageKeys":{}}},"pendingPreKey":{"signedKeyId":1,"baseKey":"Bdyo2eRC3uH0Xk6Z4zWYKbAwypofIIfiGbVmg1MFK4FM","preKeyId":55}}},"version":"v1"}