{"_sessions":{"BTwbiVjetK012O9+UnSCLAak13HrLv5taIrfL3rT/3wi":{"registrationId":650953783,"currentRatchet":{"ephemeralKeyPair":{"pubKey":"BWjZiUpoTutXM2iKjt62trmWt/XdMalvFfXbn3FILch8","privKey":"CCsYGetUvsDk36KcsOgsggSPAEl0TzQX0qDgPYWrYVQ="},"lastRemoteEphemeralKey":"BduV9hIjFsB8yksG76IhbDTKO64Roj4LFFX2lKHHTAIg","previousCounter":20,"rootKey":"sBn5Is3czuFe//t8i0WO9sYwtNIMPYvOHDLDnwGSEZA="},"indexInfo":{"baseKey":"BTwbiVjetK012O9+UnSCLAak13HrLv5taIrfL3rT/3wi","baseKeyType":1,"closed":-1,"used":1762708301523,"created":1762614383523,"remoteIdentityKey":"BViPamgC0MueqYDR6MIUfK6TqTJNfcKlbibOGgfFK1h3"},"_chains":{"BduV9hIjFsB8yksG76IhbDTKO64Roj4LFFX2lKHHTAIg":{"chainKey":{"counter":0,"key":"CGRrNbvRgKYJ4Gv4LIHvcnGGXUroM33/s5QG37dYlis="},"chainType":2,"messageKeys":{}},"BWjZiUpoTutXM2iKjt62trmWt/XdMalvFfXbn3FILch8":{"chainKey":{"counter":-1,"key":"Od9JkC16qPu7HOpuTwWA4Fd8GxkOYiCZT7IrRR+5dM0="},"chainType":1,"messageKeys":{}}}}},"version":"v1"}