{"_sessions":{"BcDwjzUpsLyJI9tKd3ugIlNSPYUl0A1gey2E+t9rOgEX":{"registrationId":41199315,"currentRatchet":{"ephemeralKeyPair":{"pubKey":"BcVof30NimLlMo5bKQ/4hr2/uuSDPemfrmDQMTFq48gq","privKey":"oF+sM3VP+h08jG1ZqEKQoTJCcxzEOa8YzKSaSMMSMG8="},"lastRemoteEphemeralKey":"BQrrvOiXjRAKazxyo/2iPA4APlyh8IpOAnemZgubNMN5","previousCounter":0,"rootKey":"sOx3CCCg7Joce8OOGsjiZVCIu8S/UqlNikAC7GB3Q04="},"indexInfo":{"baseKey":"BcDwjzUpsLyJI9tKd3ugIlNSPYUl0A1gey2E+t9rOgEX","baseKeyType":1,"closed":-1,"used":1762614384710,"created":1762614384710,"remoteIdentityKey":"BfM9doNSARAVmV0PoSUtigErshpO8ph6/Wzf/hxlraVy"},"_chains":{"BcVof30NimLlMo5bKQ/4hr2/uuSDPemfrmDQMTFq48gq":{"chainKey":{"counter":20,"key":"K6yS0tYKglLBPBNvuC2Y7+4WCv5nVH6Zdy9NSMqqdVo="},"chainType":1,"messageKeys":{}}},"pendingPreKey":{"signedKeyId":9,"baseKey":"BcDwjzUpsLyJI9tKd3ugIlNSPYUl0A1gey2E+t9rOgEX","preKeyId":13337509}}},"version":"v1"}