{"_sessions":{"BeRn4AcquBe+xpqUfZRwzclINsTbg2yiNCvfCoTgBxwR":{"registrationId":1398378854,"currentRatchet":{"ephemeralKeyPair":{"pubKey":"BVPW8nNMjufkgHznCtoBKG+ETZS33DW6VrRI4w+Gqtxe","privKey":"IFWGZspSunzVH/w3KCva5EeMVR72yRV48gDUzQuCN3o="},"lastRemoteEphemeralKey":"BU/1xV0GWtDnMpUs6SMsNvZl+x50jV5tBLDN5xBE618H","previousCounter":0,"rootKey":"O5rytEV/lJ4PBY7OFm0kVMRAdEJB8NOB9DlVq2D0B2s="},"indexInfo":{"baseKey":"BeRn4AcquBe+xpqUfZRwzclINsTbg2yiNCvfCoTgBxwR","baseKeyType":1,"closed":-1,"used":1762614309035,"created":1762614309035,"remoteIdentityKey":"BZm+VPF6dMqZNmu5+o0OGp2kqHbHPGZJ61lxuLM9A1JN"},"_chains":{"BVPW8nNMjufkgHznCtoBKG+ETZS33DW6VrRI4w+Gqtxe":{"chainKey":{"counter":1,"key":"jYjrjnVoCNZCRFOVt7u3A1y92q/uVGI07eq7AwPOKiY="},"chainType":1,"messageKeys":{}}},"pendingPreKey":{"signedKeyId":2,"baseKey":"BeRn4AcquBe+xpqUfZRwzclINsTbg2yiNCvfCoTgBxwR","preKeyId":5529111}}},"version":"v1"}