{"_sessions":{"BcDzV4xX0HeytWsvpMKTgogN8tD/KPgk8yUGK6R7zrIF":{"registrationId":54,"currentRatchet":{"ephemeralKeyPair":{"pubKey":"BR9pSiPjtPffBIvb3waLsk769yhYgJdXmqQyUnzBh0cc","privKey":"aIxm7BPZv2YZUuzzUHZqlpSiiRwY0acCG+YWWFdR2Ec="},"lastRemoteEphemeralKey":"BZpgXg310trIi+RDsXeYGyaYxdFbY70vsHMJQz2YOWwC","previousCounter":0,"rootKey":"JDXNMhpMtppRSSiizIIV7t4XiU846lGi73bRc7usc4o="},"indexInfo":{"baseKey":"BcDzV4xX0HeytWsvpMKTgogN8tD/KPgk8yUGK6R7zrIF","baseKeyType":1,"closed":-1,"used":1762614384720,"created":1762614384720,"remoteIdentityKey":"BdzwMr739pCZdBp5YD479My1+eV7SOlfAhNMMtbqGmhN"},"_chains":{"BR9pSiPjtPffBIvb3waLsk769yhYgJdXmqQyUnzBh0cc":{"chainKey":{"counter":20,"key":"J/fx00DqrbWKPE4ZeNpsOeGXbVJbtU8V/zbWLTmgZPU="},"chainType":1,"messageKeys":{}}},"pendingPreKey":{"signedKeyId":1,"baseKey":"BcDzV4xX0HeytWsvpMKTgogN8tD/KPgk8yUGK6R7zrIF"}}},"version":"v1"}