{"_sessions":{"BZfPz6VTJvorFNix9tzgt3sDY/V5UHhAZsQ5NWyD7D9V":{"registrationId":576089410,"currentRatchet":{"ephemeralKeyPair":{"pubKey":"BRmWdfAUIjqKQu5fIqrHNLdB+E61P0BAigfZEDJdrCd4","privKey":"aBwpi3u6aCcOQWUy44YYxU39XsunKrRzpw95Tm7GmkE="},"lastRemoteEphemeralKey":"BZps8OXPGwgZIKNtMley7u50jWQYyiV1tgIKVtjjhzcF","previousCounter":0,"rootKey":"oW+3PJtSkYwsJ6+gH0CGDkK1bsgULtD/1A6xgZFxnr0="},"indexInfo":{"baseKey":"BZfPz6VTJvorFNix9tzgt3sDY/V5UHhAZsQ5NWyD7D9V","baseKeyType":2,"closed":-1,"used":1762614270435,"created":1762614270435,"remoteIdentityKey":"BVBB7r5DAMnCk5xPD45x9vz0Q0eWCheYhqkwn8IXeT06"},"_chains":{"BZps8OXPGwgZIKNtMley7u50jWQYyiV1tgIKVtjjhzcF":{"chainKey":{"counter":3,"key":"ibv/jJNbawtDqK9+4g6RSh4+OP1GWaHE4u/Ss/6Q53g="},"chainType":2,"messageKeys":{}},"BRmWdfAUIjqKQu5fIqrHNLdB+E61P0BAigfZEDJdrCd4":{"chainKey":{"counter":53,"key":"pjfCQRPzbIsEHdCM9smTXCrVMBGchTMMMDZzZGyERvk="},"chainType":1,"messageKeys":{}}}}},"version":"v1"}