{"_sessions":{"Bbv0+Q80XYyxehtXO3CQqwLkk2yMXK6F5hVnLPPx7w0H":{"registrationId":650953783,"currentRatchet":{"ephemeralKeyPair":{"pubKey":"Bep+VZVF0zSGwP5k5YXW7OfEJ6uWw9HpABefCB56WjR5","privKey":"yMlB3AysxueJvCRamUyUOI8u7XhHVAmt4YEQcEjhqU0="},"lastRemoteEphemeralKey":"BeHifJ7Jzgo1WE265m4CnzsJekTPlry6yyLqhoHuBOoZ","previousCounter":0,"rootKey":"i1phSPaDUfgE6mf8W8l2/9gWxh1domAKMQbNDqcMNYs="},"indexInfo":{"baseKey":"Bbv0+Q80XYyxehtXO3CQqwLkk2yMXK6F5hVnLPPx7w0H","baseKeyType":2,"closed":-1,"used":1762614346909,"created":1762614307859,"remoteIdentityKey":"BViPamgC0MueqYDR6MIUfK6TqTJNfcKlbibOGgfFK1h3"},"_chains":{"BR1JKgtuxC28CMwMOll4AR3lwD5LDCzb09YOmDVpzPBh":{"chainKey":{"counter":0},"chainType":2,"messageKeys":{}},"BeHifJ7Jzgo1WE265m4CnzsJekTPlry6yyLqhoHuBOoZ":{"chainKey":{"counter":0,"key":"wImQ7F/JPrOXwDuofTTZ/HO5biUSV5DixgWNJwW9G5Y="},"chainType":2,"messageKeys":{}},"Bep+VZVF0zSGwP5k5YXW7OfEJ6uWw9HpABefCB56WjR5":{"chainKey":{"counter":0,"key":"E5i3gGMUAUNGpZFidPHdpWUspMH3ReLNJZSIBI4xCEY="},"chainType":1,"messageKeys":{}}}}},"version":"v1"}