[
  {
    "id": "6285233047094@s.whatsapp.net",
    "uang": 0,
    "saldo": 100125999,
    "updated_at": "2025-10-18T18:16:35.300Z"
  },
  {
    "id": "6282214535152@s.whatsapp.net",
    "uang": 0,
    "saldo": 0
  },
  {
    "id": "6289685645956@s.whatsapp.net",
    "uang": 0,
    "saldo": 28000,
    "updated_at": "2025-10-21T07:23:05.893Z"
  },
  {
    "id": "6285172221113@s.whatsapp.net",
    "uang": 0,
    "saldo": 0
  },
  {
    "id": "status@broadcast",
    "uang": 0,
    "saldo": 0
  },
  {
    "id": "6287821933427@s.whatsapp.net",
    "uang": 0,
    "saldo": 0
  },
  {
    "id": "6287821933428@s.whatsapp.net",
    "uang": 0,
    "saldo": 0
  },
  {
    "id": "6287787262847@s.whatsapp.net",
    "uang": 0,
    "saldo": 0
  },
  {
    "id": "6282337575681@s.whatsapp.net",
    "uang": 0,
    "saldo": 0
  },
  {
    "id": "6285730715443@s.whatsapp.net",
    "uang": 0,
    "saldo": 0
  },
  {
    "id": "6283167148808@s.whatsapp.net",
    "uang": 0,
    "saldo": 0
  },
  {
    "id": "6281336034800@s.whatsapp.net",
    "uang": 0,
    "saldo": 0
  },
  {
    "id": "62895393494666@s.whatsapp.net",
    "uang": 0,
    "saldo": 0
  },
  {
    "id": "6282132048488@s.whatsapp.net",
    "uang": 0,
    "saldo": 0
  },
  {
    "id": "6288272778425@s.whatsapp.net",
    "uang": 0,
    "saldo": 0
  },
  {
    "id": "6287786624948@s.whatsapp.net",
    "uang": 0,
    "saldo": 0
  },
  {
    "id": "628974447058@s.whatsapp.net",
    "uang": 0,
    "saldo": 0
  },
  {
    "id": "6281808938668@s.whatsapp.net",
    "uang": 0,
    "saldo": 0
  },
  {
    "id": "6285157665318@s.whatsapp.net",
    "uang": 0,
    "saldo": 0
  },
  {
    "id": "6285876058532@s.whatsapp.net",
    "uang": 0,
    "saldo": 0
  },
  {
    "id": "62882007997728@s.whatsapp.net",
    "uang": 0,
    "saldo": 0
  },
  {
    "id": "886908221466@s.whatsapp.net",
    "uang": 0,
    "saldo": 0
  },
  {
    "id": "6285810407505@s.whatsapp.net",
    "uang": 0,
    "saldo": 0
  },
  {
    "id": "6287857041888@s.whatsapp.net",
    "uang": 0,
    "saldo": 0
  },
  {
    "id": "6282281000854@s.whatsapp.net",
    "uang": 0,
    "saldo": 0
  },
  {
    "id": "6285133230851@s.whatsapp.net",
    "uang": 0,
    "saldo": 0
  },
  {
    "id": "628973363715@s.whatsapp.net",
    "uang": 0,
    "saldo": 0
  },
  {
    "id": "6285739114315@s.whatsapp.net",
    "uang": 0,
    "saldo": 0
  },
  {
    "id": "6282243784291@s.whatsapp.net",
    "uang": 0,
    "saldo": 0
  },
  {
    "id": "6282173772503@s.whatsapp.net",
    "uang": 0,
    "saldo": 0
  },
  {
    "id": "6285166434134@s.whatsapp.net",
    "uang": 0,
    "saldo": 0
  },
  {
    "id": "6285177140589@s.whatsapp.net",
    "uang": 0,
    "saldo": 0
  },
  {
    "id": "6282244015168@s.whatsapp.net",
    "uang": 0,
    "saldo": 0
  },
  {
    "id": "6283831795501@s.whatsapp.net",
    "uang": 0,
    "saldo": 0
  },
  {
    "id": "628999801654@s.whatsapp.net",
    "uang": 0,
    "saldo": 0
  },
  {
    "id": "6285714752313@s.whatsapp.net",
    "uang": 0,
    "saldo": 0
  },
  {
    "id": "62895406157409@s.whatsapp.net",
    "uang": 0,
    "saldo": 0
  },
  {
    "id": "6283107268811@s.whatsapp.net",
    "uang": 0,
    "saldo": 0
  },
  {
    "id": "6285708230189@s.whatsapp.net",
    "uang": 0,
    "saldo": 0
  },
  {
    "id": "6282282488771@s.whatsapp.net",
    "uang": 0,
    "saldo": 0
  },
  {
    "id": "6281326791996@s.whatsapp.net",
    "uang": 0,
    "saldo": 0
  },
  {
    "id": "6287838487872@s.whatsapp.net",
    "uang": 0,
    "saldo": 0
  },
  {
    "id": "6282133184230@s.whatsapp.net",
    "uang": 0,
    "saldo": 0
  },
  {
    "id": "6285312803373@s.whatsapp.net",
    "uang": 0,
    "saldo": 0
  },
  {
    "id": "6282339944486@s.whatsapp.net",
    "uang": 0,
    "saldo": 0
  },
  {
    "id": "6285850403139@s.whatsapp.net",
    "uang": 0,
    "saldo": 0
  },
  {
    "id": "6283116501575@s.whatsapp.net",
    "uang": 0,
    "saldo": 0
  },
  {
    "id": "628989745605@s.whatsapp.net",
    "uang": 0,
    "saldo": 0
  },
  {
    "id": "6281284722783@s.whatsapp.net",
    "uang": 0,
    "saldo": 0
  },
  {
    "id": "6287737028358@s.whatsapp.net",
    "uang": 0,
    "saldo": 0
  },
  {
    "id": "6281359046326@s.whatsapp.net",
    "uang": 0,
    "saldo": 0
  },
  {
    "id": "6285280688069@s.whatsapp.net",
    "uang": 0,
    "saldo": 0
  },
  {
    "id": "6285693333296@s.whatsapp.net",
    "uang": 0,
    "saldo": 0
  },
  {
    "id": "6282216924099@s.whatsapp.net",
    "uang": 0,
    "saldo": 0
  },
  {
    "id": "6283170877443@s.whatsapp.net",
    "uang": 0,
    "saldo": 0
  },
  {
    "id": "6289676622031@s.whatsapp.net",
    "uang": 0,
    "saldo": 0
  },
  {
    "id": "6285718531070@s.whatsapp.net",
    "uang": 0,
    "saldo": 0
  },
  {
    "id": "6285697553722@s.whatsapp.net",
    "uang": 0,
    "saldo": 0
  },
  {
    "id": "6287848248362@s.whatsapp.net",
    "uang": 0,
    "saldo": 0
  },
  {
    "id": "6289613070009@s.whatsapp.net",
    "uang": 0,
    "saldo": 0
  },
  {
    "id": "6285856773431@s.whatsapp.net",
    "uang": 0,
    "saldo": 0
  },
  {
    "id": "6281245025479@s.whatsapp.net",
    "uang": 0,
    "saldo": 0
  },
  {
    "id": "6287726550017@s.whatsapp.net",
    "uang": 0,
    "saldo": 0
  },
  {
    "id": "6281321766478@s.whatsapp.net",
    "uang": 0,
    "saldo": 0
  },
  {
    "id": "6285940949486@s.whatsapp.net",
    "uang": 0,
    "saldo": 0
  },
  {
    "id": "6287721287896@s.whatsapp.net",
    "uang": 0,
    "saldo": 0
  },
  {
    "id": "6282111124119@s.whatsapp.net",
    "uang": 0,
    "saldo": 0
  },
  {
    "id": "628995955499@s.whatsapp.net",
    "uang": 0,
    "saldo": 0
  },
  {
    "id": "6285801501363@s.whatsapp.net",
    "uang": 0,
    "saldo": 0
  },
  {
    "id": "6285880016628@s.whatsapp.net",
    "uang": 0,
    "saldo": 0
  },
  {
    "id": "6289616650400@s.whatsapp.net",
    "uang": 0,
    "saldo": 0
  },
  {
    "id": "6285648723019@s.whatsapp.net",
    "uang": 0,
    "saldo": 0
  },
  {
    "id": "6282310261388@s.whatsapp.net",
    "uang": 0,
    "saldo": 0
  },
  {
    "id": "6285156963502@s.whatsapp.net",
    "uang": 0,
    "saldo": 0
  },
  {
    "id": "6285251911983@s.whatsapp.net",
    "uang": 0,
    "saldo": 0
  },
  {
    "id": "6281280254457@s.whatsapp.net",
    "uang": 0,
    "saldo": 0
  },
  {
    "id": "6281543391941@s.whatsapp.net",
    "uang": 0,
    "saldo": 0
  },
  {
    "id": "6285817707265@s.whatsapp.net",
    "uang": 0,
    "saldo": 0
  },
  {
    "id": "6281525835490@s.whatsapp.net",
    "uang": 0,
    "saldo": 0
  },
  {
    "id": "6281270477771@s.whatsapp.net",
    "uang": 0,
    "saldo": 0
  },
  {
    "id": "6287717799962@s.whatsapp.net",
    "uang": 0,
    "saldo": 0
  },
  {
    "id": "6281293739589@s.whatsapp.net",
    "uang": 0,
    "saldo": 0
  },
  {
    "id": "6285811660194@s.whatsapp.net",
    "uang": 0,
    "saldo": 0
  },
  {
    "id": "6285875170759@s.whatsapp.net",
    "uang": 0,
    "saldo": 0
  },
  {
    "id": "6285604465212@s.whatsapp.net",
    "uang": 0,
    "saldo": 0
  },
  {
    "id": "6289603871467@s.whatsapp.net",
    "uang": 0,
    "saldo": 0
  },
  {
    "id": "6282110161757@s.whatsapp.net",
    "uang": 0,
    "saldo": 0
  },
  {
    "id": "6285759461332@s.whatsapp.net",
    "uang": 0,
    "saldo": 0
  },
  {
    "id": "6289633209556@s.whatsapp.net",
    "uang": 0,
    "saldo": 0
  },
  {
    "id": "6281223149700@s.whatsapp.net",
    "uang": 0,
    "saldo": 0
  },
  {
    "id": "6281389142702@s.whatsapp.net",
    "uang": 0,
    "saldo": 0
  },
  {
    "id": "6287825163737@s.whatsapp.net",
    "uang": 0,
    "saldo": 0
  },
  {
    "id": "6288970751015@s.whatsapp.net",
    "uang": 0,
    "saldo": 0
  },
  {
    "id": "6281224410305@s.whatsapp.net",
    "uang": 0,
    "saldo": 0
  },
  {
    "id": "6285766974644@s.whatsapp.net",
    "uang": 0,
    "saldo": 0
  },
  {
    "id": "628978555569@s.whatsapp.net",
    "uang": 0,
    "saldo": 0
  },
  {
    "id": "6285174237091@s.whatsapp.net",
    "uang": 0,
    "saldo": 0
  },
  {
    "id": "6285234281674@s.whatsapp.net",
    "uang": 0,
    "saldo": 0
  },
  {
    "id": "6287866979809@s.whatsapp.net",
    "uang": 0,
    "saldo": 0
  },
  {
    "id": "6281235869122@s.whatsapp.net",
    "uang": 0,
    "saldo": 0
  },
  {
    "id": "6283145690104@s.whatsapp.net",
    "uang": 0,
    "saldo": 0
  },
  {
    "id": "6285711597990@s.whatsapp.net",
    "uang": 0,
    "saldo": 0
  },
  {
    "id": "6285230332455@s.whatsapp.net",
    "uang": 0,
    "saldo": 0
  },
  {
    "id": "6281558710749@s.whatsapp.net",
    "uang": 0,
    "saldo": 0
  },
  {
    "id": "6285231629929@s.whatsapp.net",
    "uang": 0,
    "saldo": 0
  },
  {
    "id": "6285604652630@s.whatsapp.net",
    "uang": 0,
    "saldo": 81000,
    "updated_at": "2025-10-22T06:53:57.094Z",
    "pushname": "RAF NET"
  },
  {
    "id": "6285808308187@s.whatsapp.net",
    "uang": 0,
    "saldo": 0
  },
  {
    "id": "6285649715141@s.whatsapp.net",
    "uang": 0,
    "saldo": 0
  },
  {
    "id": "6285850137770@s.whatsapp.net",
    "uang": 0,
    "saldo": 0
  },
  {
    "id": "6285823462889@s.whatsapp.net",
    "uang": 0,
    "saldo": 0
  },
  {
    "id": "6285847847001@s.whatsapp.net",
    "uang": 0,
    "saldo": 0
  },
  {
    "id": "6283142680178@s.whatsapp.net",
    "uang": 0,
    "saldo": 0
  },
  {
    "id": "62895359598124@s.whatsapp.net",
    "uang": 0,
    "saldo": 0
  },
  {
    "id": "6283136649211@s.whatsapp.net",
    "uang": 0,
    "saldo": 0
  },
  {
    "id": "6285331333526@s.whatsapp.net",
    "uang": 0,
    "saldo": 0
  },
  {
    "id": "6285718746831@s.whatsapp.net",
    "uang": 0,
    "saldo": 0
  },
  {
    "id": "62895411042642@s.whatsapp.net",
    "uang": 0,
    "saldo": 0
  },
  {
    "id": "6281515712924@s.whatsapp.net",
    "uang": 0,
    "saldo": 0
  },
  {
    "id": "6285719716041@s.whatsapp.net",
    "uang": 0,
    "saldo": 0
  },
  {
    "id": "6285230849530@s.whatsapp.net",
    "uang": 0,
    "saldo": 0
  },
  {
    "id": "6282332651698@s.whatsapp.net",
    "uang": 0,
    "saldo": 0
  },
  {
    "id": "6287828532298@s.whatsapp.net",
    "uang": 0,
    "saldo": 0
  },
  {
    "id": "6285704497575@s.whatsapp.net",
    "uang": 0,
    "saldo": 0
  },
  {
    "id": "6285895900349@s.whatsapp.net",
    "uang": 0,
    "saldo": 0
  },
  {
    "id": "6285322564655@s.whatsapp.net",
    "uang": 0,
    "saldo": 0
  },
  {
    "id": "6285604032866@s.whatsapp.net",
    "uang": 0,
    "saldo": 0
  },
  {
    "id": "62895364879149@s.whatsapp.net",
    "uang": 0,
    "saldo": 0
  },
  {
    "id": "225743565000823@lid",
    "uang": 0,
    "saldo": 0
  }
]