[{"name":"tes","device_id":"00259E-HG8145V5-4857544351D6F7AB","subscription":"PAKET-200K","address":"","pppoe_username":"tes-rumah","pppoe_password":"12345678","pppoe_profile":"","id":1,"paid":true,"phone_number":"6285233047094","bulk":[],"otp":"","latitude":-7.252219,"longitude":111.848158,"connected_odp_id":"ODP-DNR00001-001"},{"id":2,"name":"AGUS","phone_number":"","device_id":"","address":"","latitude":-6.779834,"longitude":107.894977,"subscription":"PAKET-150K","paid":false,"pppoe_username":"AGUS-211009","pppoe_password":"","pppoe_profile":"","bulk":[],"connected_odp_id":"ODP-DNR00001-001"},{"id":3,"name":"MANTAP","phone_number":"","device_id":"","address":"","latitude":-7.690776,"longitude":108.648105,"subscription":"PAKET-165K","paid":false,"pppoe_username":"","pppoe_password":"","pppoe_profile":"","bulk":[],"connected_odp_id":"ODP-DNR00001-003"},{"id":4,"name":"MANtul","phone_number":"","device_id":"","address":"","latitude":-6.7715,"longitude":107.8519,"subscription":"PAKET-150K","paid":false,"pppoe_username":"","pppoe_password":"","pppoe_profile":"","bulk":[],"connected_odp_id":"ODP-DNR00001-001"}]